{
"lengthUnit": "mil",
"components": {
	"fields": ["COMPONENT_NO", "COMPONENT_NAME", "LAYER", "X_COORDINATE", "Y_COORDINATE", "ANGLE"],
	"rows": [
		[1, "C1", "T", 440, -2367, 270],
		[2, "C2", "T", 535, -1930, 180],
		[3, "C3", "T", 326.12, -2525, 270],
		[4, "C4", "T", 410, -2525, 90],
		[5, "C5", "T", 670, -2310, 90],
		[6, "C6", "T", 420.93, -3596.85, 90],
		[7, "C7", "T", 495.93, -3596.85, 90],
		[8, "C8", "T", 345.29, -3596.85, 90],
		[9, "C9", "T", 550, -3005, 270],
		[10, "C10", "T", 335, -3005, 270],
		[11, "C11", "T", 72.12, -202.97, 270],
		[12, "C13", "T", 470, -855, 0],
		[13, "C14", "T", 470.04, -1500, 0],
		[14, "C15", "T", 470.08, -1180, 0],
		[15, "C16", "T", 470.13, -1820, 0],
		[16, "C17", "T", 95, -2185, 270],
		[17, "CN1", "T", 590, -440, 180],
		[18, "CN2", "T", 1025.01, -500.91, 90],
		[19, "CN3", "T", 1025.01, -1473.35, 90],
		[20, "CN4", "T", 1025.01, -2445.79, 90],
		[21, "CN5", "T", 1025.01, -3418.23, 90],
		[22, "D1", "T", 120, -525, 90],
		[23, "D2", "T", 125, -1565, 270],
		[24, "D3", "T", 170, -2180, 270],
		[25, "D4", "T", 267.43, -520.92, 90],
		[26, "H1", "T", 451.82, -3843.61, 180],
		[27, "H2", "T", 451.82, -3743.61, 180],
		[28, "L1", "T", 620, -2515, 180],
		[29, "LED1", "T", 228.08, -196.03, 0],
		[30, "Q1", "T", 127.57, -2035, 0],
		[31, "R1", "T", 349, -2395, 180],
		[32, "R2", "T", 349, -2336, 0],
		[33, "R3", "T", 710, -700, 270],
		[34, "R4", "T", 714.68, -1025, 270],
		[35, "R5", "T", 712.34, -1345, 270],
		[36, "R6", "T", 717.02, -1665, 270],
		[37, "R7", "T", 90, -1770, 90],
		[38, "R8", "T", 160, -1770, 90],
		[39, "R9", "T", 125, -1675, 180],
		[40, "R10", "T", 160, -1897.2, 270],
		[41, "R11", "T", 89.1, -1897.2, 270],
		[42, "RN1", "T", 750.93, -3527.14, 270],
		[43, "RN2", "T", 750.93, -3365.7, 270],
		[44, "RN3", "T", 750.93, -3207.14, 270],
		[45, "SW1", "T", 130, -3780, 270],
		[46, "SW2", "T", 130, -3520, 270],
		[47, "TP1", "T", 118.11, -826.77, 0],
		[48, "TP2", "T", 118.11, -3011.81, 0],
		[49, "TP3", "T", 708.66, -3011.81, 0],
		[50, "U1", "T", 540, -2290, 180],
		[51, "U2", "T", 445.96, -3311.03, 0],
		[52, "U3", "T", 368.59, -2757.59, 180],
		[53, "U4", "T", 368.59, -2088.3, 180],
		[54, "U5", "T", 703.23, -2088.3, 0],
		[55, "U6", "T", 703.23, -2757.59, 0],
		[56, "U7", "T", 153.8, -2421.23, 0],
		[57, "U8", "T", 471.35, -704.08, 270],
		[58, "U9", "T", 471.27, -1029.08, 270],
		[59, "U10", "T", 471.31, -1349.08, 270],
		[60, "U11", "T", 471.23, -1669.08, 270]
	]
},
"pins": {
	"fields": ["PIN_NO", "PIN_NAME", "PIN_X", "PIN_Y", "LAYER", "PIN_TYPE", "NET_NAME", "NET_TYPE", "PAD_SHAPE", "PAD_SIZEX", "PAD_SIZEY", "HOLE_SIZE", "PAD_ANGLE"],
	"rows": [
		[1, "C1_1", 440, -2339.44, "T", "SMD", "$1N6554", "", "R", 31.5, 35.43, 0, 270],
		[2, "C1_2", 440, -2394.56, "T", "SMD", "3.3V", "", "R", 31.5, 35.43, 0, 270],
		[3, "C2_1", 597.7, -1930, "T", "SMD", "GND", "GND", "R", 58.47, 68.03, 0, 180],
		[4, "C2_2", 472.3, -1930, "T", "SMD", "24V", "", "R", 58.47, 68.03, 0, 180],
		[5, "C3_1", 326.12, -2485.63, "T", "SMD", "GND", "GND", "R", 55.51, 53.15, 0, 270],
		[6, "C3_2", 326.12, -2564.37, "T", "SMD", "3.3V", "", "R", 55.51, 53.15, 0, 270],
		[7, "C4_1", 410, -2564.37, "T", "SMD", "GND", "GND", "R", 55.51, 53.15, 0, 90],
		[8, "C4_2", 410, -2485.63, "T", "SMD", "3.3V", "", "R", 55.51, 53.15, 0, 90],
		[9, "C5_1", 670, -2337.56, "T", "SMD", "$1N2756", "", "R", 31.5, 35.43, 0, 90],
		[10, "C5_2", 670, -2282.44, "T", "SMD", "$1N2752", "", "R", 31.5, 35.43, 0, 90],
		[11, "C6_1", 420.93, -3624.41, "T", "SMD", "GND", "GND", "R", 31.5, 35.43, 0, 90],
		[12, "C6_2", 420.93, -3569.29, "T", "SMD", "NRST", "", "R", 31.5, 35.43, 0, 90],
		[13, "C7_1", 495.93, -3624.41, "T", "SMD", "GND", "GND", "R", 31.5, 35.43, 0, 90],
		[14, "C7_2", 495.93, -3569.29, "T", "SMD", "3.3V", "", "R", 31.5, 35.43, 0, 90],
		[15, "C8_1", 345.29, -3624.41, "T", "SMD", "GND", "GND", "R", 31.5, 35.43, 0, 90],
		[16, "C8_2", 345.29, -3569.29, "T", "SMD", "3.3V", "", "R", 31.5, 35.43, 0, 90],
		[17, "C9_1", 550, -2977.44, "T", "SMD", "GND", "GND", "R", 31.5, 35.43, 0, 270],
		[18, "C9_2", 550, -3032.56, "T", "SMD", "3.3V", "", "R", 31.5, 35.43, 0, 270],
		[19, "C10_1", 335, -2977.44, "T", "SMD", "GND", "GND", "R", 31.5, 35.43, 0, 270],
		[20, "C10_2", 335, -3032.56, "T", "SMD", "3.3V", "", "R", 31.5, 35.43, 0, 270],
		[21, "C11_1", 72.12, -175.41, "T", "SMD", "GND", "GND", "R", 31.5, 35.43, 0, 270],
		[22, "C11_2", 72.12, -230.53, "T", "SMD", "3.3V", "", "R", 31.5, 35.43, 0, 270],
		[23, "C13_1", 442.44, -855, "T", "SMD", "GND", "GND", "R", 31.5, 35.43, 0, 0],
		[24, "C13_2", 497.56, -855, "T", "SMD", "24V", "", "R", 31.5, 35.43, 0, 0],
		[25, "C14_1", 442.48, -1500, "T", "SMD", "GND", "GND", "R", 31.5, 35.43, 0, 0],
		[26, "C14_2", 497.6, -1500, "T", "SMD", "24V", "", "R", 31.5, 35.43, 0, 0],
		[27, "C15_1", 442.52, -1180, "T", "SMD", "GND", "GND", "R", 31.5, 35.43, 0, 0],
		[28, "C15_2", 497.64, -1180, "T", "SMD", "24V", "", "R", 31.5, 35.43, 0, 0],
		[29, "C16_1", 442.57, -1820, "T", "SMD", "GND", "GND", "R", 31.5, 35.43, 0, 0],
		[30, "C16_2", 497.69, -1820, "T", "SMD", "24V", "", "R", 31.5, 35.43, 0, 0],
		[31, "C17_1", 95, -2157.44, "T", "SMD", "$1N1340", "", "R", 31.5, 35.43, 0, 270],
		[32, "C17_2", 95, -2212.56, "T", "SMD", "$1N32182", "", "R", 31.5, 35.43, 0, 270],
		[33, "CN1_1", 530.95, -380.94, "T", "DIP", "$1N22933", "", "R", 78.74, 78.74, 47.24, 180],
		[34, "CN1_1", 530.95, -380.94, "B", "DIP", "$1N22933", "", "R", 78.74, 78.74, 47.24, 180],
		[35, "CN1_2", 530.94, -499.05, "T", "DIP", "GND", "GND", "C", 78.74, 78.74, 47.24, 180],
		[36, "CN1_2", 530.94, -499.05, "B", "DIP", "GND", "GND", "C", 78.74, 78.74, 47.24, 180],
		[37, "CN1_3", 649.06, -380.95, "T", "DIP", "$1N22936", "", "C", 78.74, 78.74, 47.24, 180],
		[38, "CN1_3", 649.06, -380.95, "B", "DIP", "$1N22936", "", "C", 78.74, 78.74, 47.24, 180],
		[39, "CN1_4", 649.05, -499.06, "T", "DIP", "$1N32717", "", "C", 78.74, 78.74, 47.24, 180],
		[40, "CN1_4", 649.05, -499.06, "B", "DIP", "$1N32717", "", "C", 78.74, 78.74, 47.24, 180],
		[41, "CN2_1", 912.8, -855.24, "T", "SMD", "MCU_SCL1", "", "R", 39.37, 137.79, 0, 90],
		[42, "CN2_2", 912.8, -776.5, "T", "SMD", "MCU_SDA1", "", "R", 39.37, 137.79, 0, 90],
		[43, "CN2_3", 912.8, -697.76, "T", "SMD", "GND", "GND", "R", 39.37, 137.79, 0, 90],
		[44, "CN2_4", 912.8, -619.02, "T", "SMD", "RGB_OUT1", "", "R", 39.37, 137.79, 0, 90],
		[45, "CN2_5", 912.8, -540.28, "T", "SMD", "K_PULL1", "", "R", 39.37, 137.79, 0, 90],
		[46, "CN2_6", 912.8, -461.54, "T", "SMD", "K_ONLINE1", "", "R", 39.37, 137.79, 0, 90],
		[47, "CN2_7", 912.8, -382.8, "T", "SMD", "GND", "GND", "R", 39.37, 137.79, 0, 90],
		[48, "CN2_8", 912.8, -304.06, "T", "SMD", "3.3V", "", "R", 39.37, 137.79, 0, 90],
		[49, "CN2_9", 912.8, -225.32, "T", "SMD", "MOTOR1_HOUT", "", "R", 39.37, 137.79, 0, 90],
		[50, "CN2_10", 912.8, -146.58, "T", "SMD", "MOTOR1_LOUT", "", "R", 39.37, 137.79, 0, 90],
		[51, "CN2_11", 1137.21, -54.06, "T", "SMD", "CN2_11", "", "R", 59.05, 137.79, 0, 90],
		[52, "CN2_12", 1137.21, -947.76, "T", "SMD", "CN2_12", "", "R", 59.05, 137.79, 0, 90],
		[53, "CN3_1", 912.8, -1827.68, "T", "SMD", "MCU_SCL2", "", "R", 39.37, 137.79, 0, 90],
		[54, "CN3_2", 912.8, -1748.94, "T", "SMD", "MCU_SDA2", "", "R", 39.37, 137.79, 0, 90],
		[55, "CN3_3", 912.8, -1670.2, "T", "SMD", "GND", "GND", "R", 39.37, 137.79, 0, 90],
		[56, "CN3_4", 912.8, -1591.46, "T", "SMD", "RGB_OUT2", "", "R", 39.37, 137.79, 0, 90],
		[57, "CN3_5", 912.8, -1512.72, "T", "SMD", "K_PULL2", "", "R", 39.37, 137.79, 0, 90],
		[58, "CN3_6", 912.8, -1433.98, "T", "SMD", "K_ONLINE2", "", "R", 39.37, 137.79, 0, 90],
		[59, "CN3_7", 912.8, -1355.24, "T", "SMD", "GND", "GND", "R", 39.37, 137.79, 0, 90],
		[60, "CN3_8", 912.8, -1276.5, "T", "SMD", "3.3V", "", "R", 39.37, 137.79, 0, 90],
		[61, "CN3_9", 912.8, -1197.76, "T", "SMD", "MOTOR2_HOUT", "", "R", 39.37, 137.79, 0, 90],
		[62, "CN3_10", 912.8, -1119.02, "T", "SMD", "MOTOR2_LOUT", "", "R", 39.37, 137.79, 0, 90],
		[63, "CN3_11", 1137.21, -1026.5, "T", "SMD", "CN3_11", "", "R", 59.05, 137.79, 0, 90],
		[64, "CN3_12", 1137.21, -1920.2, "T", "SMD", "CN3_12", "", "R", 59.05, 137.79, 0, 90],
		[65, "CN4_1", 912.8, -2800.12, "T", "SMD", "MCU_SCL3", "", "R", 39.37, 137.79, 0, 90],
		[66, "CN4_2", 912.8, -2721.38, "T", "SMD", "MCU_SDA3", "", "R", 39.37, 137.79, 0, 90],
		[67, "CN4_3", 912.8, -2642.64, "T", "SMD", "GND", "GND", "R", 39.37, 137.79, 0, 90],
		[68, "CN4_4", 912.8, -2563.9, "T", "SMD", "RGB_OUT3", "", "R", 39.37, 137.79, 0, 90],
		[69, "CN4_5", 912.8, -2485.16, "T", "SMD", "K_PULL3", "", "R", 39.37, 137.79, 0, 90],
		[70, "CN4_6", 912.8, -2406.42, "T", "SMD", "K_ONLINE3", "", "R", 39.37, 137.79, 0, 90],
		[71, "CN4_7", 912.8, -2327.68, "T", "SMD", "GND", "GND", "R", 39.37, 137.79, 0, 90],
		[72, "CN4_8", 912.8, -2248.94, "T", "SMD", "3.3V", "", "R", 39.37, 137.79, 0, 90],
		[73, "CN4_9", 912.8, -2170.2, "T", "SMD", "MOTOR3_HOUT", "", "R", 39.37, 137.79, 0, 90],
		[74, "CN4_10", 912.8, -2091.46, "T", "SMD", "MOTOR3_LOUT", "", "R", 39.37, 137.79, 0, 90],
		[75, "CN4_11", 1137.21, -1998.94, "T", "SMD", "CN4_11", "", "R", 59.05, 137.79, 0, 90],
		[76, "CN4_12", 1137.21, -2892.64, "T", "SMD", "CN4_12", "", "R", 59.05, 137.79, 0, 90],
		[77, "CN5_1", 912.8, -3772.56, "T", "SMD", "MCU_SCL4", "", "R", 39.37, 137.79, 0, 90],
		[78, "CN5_2", 912.8, -3693.82, "T", "SMD", "MCU_SDA4", "", "R", 39.37, 137.79, 0, 90],
		[79, "CN5_3", 912.8, -3615.08, "T", "SMD", "GND", "GND", "R", 39.37, 137.79, 0, 90],
		[80, "CN5_4", 912.8, -3536.34, "T", "SMD", "RGB_OUT4", "", "R", 39.37, 137.79, 0, 90],
		[81, "CN5_5", 912.8, -3457.6, "T", "SMD", "K_PULL4", "", "R", 39.37, 137.79, 0, 90],
		[82, "CN5_6", 912.8, -3378.86, "T", "SMD", "K_ONLINE4", "", "R", 39.37, 137.79, 0, 90],
		[83, "CN5_7", 912.8, -3300.12, "T", "SMD", "GND", "GND", "R", 39.37, 137.79, 0, 90],
		[84, "CN5_8", 912.8, -3221.38, "T", "SMD", "3.3V", "", "R", 39.37, 137.79, 0, 90],
		[85, "CN5_9", 912.8, -3142.64, "T", "SMD", "MOTOR4_HOUT", "", "R", 39.37, 137.79, 0, 90],
		[86, "CN5_10", 912.8, -3063.9, "T", "SMD", "MOTOR4_LOUT", "", "R", 39.37, 137.79, 0, 90],
		[87, "CN5_11", 1137.21, -2971.38, "T", "SMD", "CN5_11", "", "R", 59.05, 137.79, 0, 90],
		[88, "CN5_12", 1137.21, -3865.08, "T", "SMD", "CN5_12", "", "R", 59.05, 137.79, 0, 90],
		[89, "D1_1", 120, -627.02, "T", "SMD", "GND", "GND", "R", 80.61, 88.23, 0, 90],
		[90, "D1_2", 120, -422.98, "T", "SMD", "$1N32717", "", "R", 80.61, 88.23, 0, 90],
		[91, "D2_1", 87.6, -1608.36, "T", "SMD", "$1N22933", "", "R", 40.85, 20.95, 0, 270],
		[92, "D2_2", 162.4, -1608.36, "T", "SMD", "$1N22936", "", "R", 40.85, 20.95, 0, 270],
		[93, "D2_3", 125, -1521.64, "T", "SMD", "GND", "GND", "R", 40.85, 20.95, 0, 270],
		[94, "D3_1", 170, -2133.84, "T", "SMD", "GND", "GND", "R", 39.37, 29.53, 0, 270],
		[95, "D3_2", 170, -2226.16, "T", "SMD", "$1N1340", "", "R", 39.37, 29.53, 0, 270],
		[96, "D4_1", 267.43, -422.35, "T", "SMD", "$1N32717", "", "R", 81.2, 60.59, 0, 90],
		[97, "D4_2", 267.43, -619.49, "T", "SMD", "24V", "", "R", 81.2, 60.59, 0, 90],
		[98, "H1_1", 601.82, -3843.61, "T", "DIP", "EXIT_TX", "", "R", 66.93, 66.93, 43.31, 180],
		[99, "H1_1", 601.82, -3843.61, "B", "DIP", "EXIT_TX", "", "R", 66.93, 66.93, 43.31, 180],
		[100, "H1_2", 501.82, -3843.61, "T", "DIP", "EXIT_RX", "", "C", 66.93, 66.93, 43.31, 180],
		[101, "H1_2", 501.82, -3843.61, "B", "DIP", "EXIT_RX", "", "C", 66.93, 66.93, 43.31, 180],
		[102, "H1_3", 401.82, -3843.61, "T", "DIP", "3.3V", "", "C", 66.93, 66.93, 43.31, 180],
		[103, "H1_3", 401.82, -3843.61, "B", "DIP", "3.3V", "", "C", 66.93, 66.93, 43.31, 180],
		[104, "H1_4", 301.82, -3843.61, "T", "DIP", "GND", "GND", "C", 66.93, 66.93, 43.31, 180],
		[105, "H1_4", 301.82, -3843.61, "B", "DIP", "GND", "GND", "C", 66.93, 66.93, 43.31, 180],
		[106, "H2_1", 601.82, -3743.61, "T", "DIP", "SWIO", "", "R", 66.93, 66.93, 43.31, 180],
		[107, "H2_1", 601.82, -3743.61, "B", "DIP", "SWIO", "", "R", 66.93, 66.93, 43.31, 180],
		[108, "H2_2", 501.82, -3743.61, "T", "DIP", "SWCLK", "", "C", 66.93, 66.93, 43.31, 180],
		[109, "H2_2", 501.82, -3743.61, "B", "DIP", "SWCLK", "", "C", 66.93, 66.93, 43.31, 180],
		[110, "H2_3", 401.82, -3743.61, "T", "DIP", "MCU_TX", "", "C", 66.93, 66.93, 43.31, 180],
		[111, "H2_3", 401.82, -3743.61, "B", "DIP", "MCU_TX", "", "C", 66.93, 66.93, 43.31, 180],
		[112, "H2_4", 301.82, -3743.61, "T", "DIP", "MCU_RX", "", "C", 66.93, 66.93, 43.31, 180],
		[113, "H2_4", 301.82, -3743.61, "B", "DIP", "MCU_RX", "", "C", 66.93, 66.93, 43.31, 180],
		[114, "L1_1", 738.11, -2515, "T", "SMD", "$1N2752", "", "R", 92.52, 137.79, 0, 180],
		[115, "L1_2", 501.89, -2515, "T", "SMD", "3.3V", "", "R", 92.52, 137.79, 0, 180],
		[116, "LED1_1", 169.03, -294.46, "T", "SMD", "3.3V", "", "R", 59.05, 39.37, 0, 90],
		[117, "LED1_2", 287.13, -294.46, "T", "SMD", "LED1_2", "", "R", 59.05, 39.37, 0, 90],
		[118, "LED1_3", 287.13, -97.61, "T", "SMD", "GND", "GND", "R", 59.05, 39.37, 0, 90],
		[119, "LED1_4", 169.03, -97.61, "T", "SMD", "SYS_RGB", "", "R", 59.05, 39.37, 0, 90],
		[120, "Q1_1", 172.85, -2072.4, "T", "SMD", "GND", "GND", "R", 39.37, 31.5, 0, 180],
		[121, "Q1_2", 172.85, -1997.6, "T", "SMD", "$1N32139", "", "R", 39.37, 31.5, 0, 180],
		[122, "Q1_3", 82.29, -2035, "T", "SMD", "$1N32182", "", "R", 39.37, 31.5, 0, 180],
		[123, "R1_1", 378.66, -2395, "T", "SMD", "$1N6554", "", "R", 31.75, 34.02, 0, 180],
		[124, "R1_2", 319.34, -2395, "T", "SMD", "3.3V", "", "R", 31.75, 34.02, 0, 180],
		[125, "R2_1", 319.34, -2336, "T", "SMD", "GND", "GND", "R", 31.75, 34.02, 0, 0],
		[126, "R2_2", 378.66, -2336, "T", "SMD", "$1N6554", "", "R", 31.75, 34.02, 0, 0],
		[127, "R3_1", 710, -643.26, "T", "SMD", "$1N17664", "", "R", 50.49, 110.55, 0, 270],
		[128, "R3_2", 710, -756.74, "T", "SMD", "GND", "GND", "R", 50.49, 110.55, 0, 270],
		[129, "R4_1", 714.68, -968.26, "T", "SMD", "$1N17864", "", "R", 50.49, 110.55, 0, 270],
		[130, "R4_2", 714.68, -1081.74, "T", "SMD", "GND", "GND", "R", 50.49, 110.55, 0, 270],
		[131, "R5_1", 712.34, -1288.26, "T", "SMD", "$1N18070", "", "R", 50.49, 110.55, 0, 270],
		[132, "R5_2", 712.34, -1401.74, "T", "SMD", "GND", "GND", "R", 50.49, 110.55, 0, 270],
		[133, "R6_1", 717.02, -1608.26, "T", "SMD", "$1N18276", "", "R", 50.49, 110.55, 0, 270],
		[134, "R6_2", 717.02, -1721.74, "T", "SMD", "GND", "GND", "R", 50.49, 110.55, 0, 270],
		[135, "R7_1", 90, -1799.66, "T", "SMD", "RS485_B", "", "R", 31.75, 34.02, 0, 90],
		[136, "R7_2", 90, -1740.34, "T", "SMD", "$1N22933", "", "R", 31.75, 34.02, 0, 90],
		[137, "R8_1", 160, -1799.66, "T", "SMD", "RS485_A", "", "R", 31.75, 34.02, 0, 90],
		[138, "R8_2", 160, -1740.34, "T", "SMD", "$1N22936", "", "R", 31.75, 34.02, 0, 90],
		[139, "R9_1", 154.66, -1675, "T", "SMD", "$1N22936", "", "R", 31.75, 34.02, 0, 180],
		[140, "R9_2", 95.34, -1675, "T", "SMD", "$1N22933", "", "R", 31.75, 34.02, 0, 180],
		[141, "R10_1", 160, -1867.54, "T", "SMD", "GND", "GND", "R", 31.75, 34.02, 0, 270],
		[142, "R10_2", 160, -1926.86, "T", "SMD", "$1N32139", "", "R", 31.75, 34.02, 0, 270],
		[143, "R11_1", 89.1, -1867.54, "T", "SMD", "3.3V", "", "R", 31.75, 34.02, 0, 270],
		[144, "R11_2", 89.1, -1926.86, "T", "SMD", "$1N32139", "", "R", 31.75, 34.02, 0, 270],
		[145, "RN1_1", 715.5, -3479.9, "T", "SMD", "MCU_SDA4", "", "R", 25.59, 31.5, 0, 270],
		[146, "RN1_2", 715.5, -3511.39, "T", "SMD", "MCU_SDA3", "", "R", 19.68, 31.5, 0, 270],
		[147, "RN1_3", 715.5, -3542.89, "T", "SMD", "MCU_SDA2", "", "R", 19.68, 31.5, 0, 270],
		[148, "RN1_4", 715.5, -3574.38, "T", "SMD", "MCU_SDA1", "", "R", 25.59, 31.5, 0, 270],
		[149, "RN1_5", 786.37, -3574.38, "T", "SMD", "3.3V", "", "R", 25.59, 31.5, 0, 270],
		[150, "RN1_6", 786.37, -3542.89, "T", "SMD", "3.3V", "", "R", 19.68, 31.5, 0, 270],
		[151, "RN1_7", 786.37, -3511.39, "T", "SMD", "3.3V", "", "R", 19.68, 31.5, 0, 270],
		[152, "RN1_8", 786.37, -3479.9, "T", "SMD", "3.3V", "", "R", 25.59, 31.5, 0, 270],
		[153, "RN2_1", 715.5, -3318.46, "T", "SMD", "MCU_SCL1", "", "R", 25.59, 31.5, 0, 270],
		[154, "RN2_2", 715.5, -3349.95, "T", "SMD", "MCU_SCL2", "", "R", 19.68, 31.5, 0, 270],
		[155, "RN2_3", 715.5, -3381.45, "T", "SMD", "MCU_SCL3", "", "R", 19.68, 31.5, 0, 270],
		[156, "RN2_4", 715.5, -3412.94, "T", "SMD", "MCU_SCL4", "", "R", 25.59, 31.5, 0, 270],
		[157, "RN2_5", 786.37, -3412.94, "T", "SMD", "3.3V", "", "R", 25.59, 31.5, 0, 270],
		[158, "RN2_6", 786.37, -3381.45, "T", "SMD", "3.3V", "", "R", 19.68, 31.5, 0, 270],
		[159, "RN2_7", 786.37, -3349.95, "T", "SMD", "3.3V", "", "R", 19.68, 31.5, 0, 270],
		[160, "RN2_8", 786.37, -3318.46, "T", "SMD", "3.3V", "", "R", 25.59, 31.5, 0, 270],
		[161, "RN3_1", 715.5, -3159.9, "T", "SMD", "BOOT0", "", "R", 25.59, 31.5, 0, 270],
		[162, "RN3_2", 715.5, -3191.39, "T", "SMD", "BOOT1", "", "R", 19.68, 31.5, 0, 270],
		[163, "RN3_3", 715.5, -3222.89, "T", "SMD", "MCU_RX", "", "R", 19.68, 31.5, 0, 270],
		[164, "RN3_4", 715.5, -3254.38, "T", "SMD", "NRST", "", "R", 25.59, 31.5, 0, 270],
		[165, "RN3_5", 786.37, -3254.38, "T", "SMD", "3.3V", "", "R", 25.59, 31.5, 0, 270],
		[166, "RN3_6", 786.37, -3222.89, "T", "SMD", "3.3V", "", "R", 19.68, 31.5, 0, 270],
		[167, "RN3_7", 786.37, -3191.39, "T", "SMD", "GND", "GND", "R", 19.68, 31.5, 0, 270],
		[168, "RN3_8", 786.37, -3159.9, "T", "SMD", "GND", "GND", "R", 25.59, 31.5, 0, 270],
		[169, "SW1_1", 130, -3690, "T", "SMD", "NRST", "", "R", 55.12, 70.87, 0, 270],
		[170, "SW1_2", 130, -3871.1, "T", "SMD", "GND", "GND", "R", 55.12, 70.87, 0, 270],
		[171, "SW2_1", 130, -3430, "T", "SMD", "BOOT0", "", "R", 55.12, 70.87, 0, 270],
		[172, "SW2_2", 130, -3611.1, "T", "SMD", "3.3V", "", "R", 55.12, 70.87, 0, 270],
		[173, "TP1_1", 118.11, -826.77, "T", "DIP", "TP1_1", "", "C", 78.74, 78.74, 78.74, 0],
		[174, "TP1_1", 118.11, -826.77, "B", "DIP", "TP1_1", "", "C", 78.74, 78.74, 78.74, 0],
		[175, "TP2_1", 118.11, -3011.81, "T", "DIP", "TP2_1", "", "C", 78.74, 78.74, 78.74, 0],
		[176, "TP2_1", 118.11, -3011.81, "B", "DIP", "TP2_1", "", "C", 78.74, 78.74, 78.74, 0],
		[177, "TP3_1", 708.66, -3011.81, "T", "DIP", "TP3_1", "", "C", 78.74, 78.74, 78.74, 0],
		[178, "TP3_1", 708.66, -3011.81, "B", "DIP", "TP3_1", "", "C", 78.74, 78.74, 78.74, 0],
		[179, "U1_1", 577.4, -2244.76, "T", "SMD", "GND", "GND", "R", 20.95, 42.2, 0, 180],
		[180, "U1_2", 540, -2244.76, "T", "SMD", "$1N2752", "", "R", 20.95, 42.2, 0, 180],
		[181, "U1_3", 502.6, -2244.76, "T", "SMD", "24V", "", "R", 20.95, 42.2, 0, 180],
		[182, "U1_4", 502.6, -2335.24, "T", "SMD", "$1N6554", "", "R", 20.95, 42.2, 0, 180],
		[183, "U1_5", 540, -2335.24, "T", "SMD", "U1_5", "", "R", 20.95, 42.2, 0, 180],
		[184, "U1_6", 577.4, -2335.24, "T", "SMD", "$1N2756", "", "R", 20.95, 42.2, 0, 180],
		[185, "U2_1", 337.69, -3478.35, "T", "SMD", "3.3V", "", "O", 10.63, 59.05, 0, 0],
		[186, "U2_2", 357.38, -3478.35, "T", "SMD", "MCU_SDA1", "", "O", 10.63, 59.05, 0, 0],
		[187, "U2_3", 377.06, -3478.35, "T", "SMD", "MCU_SDA2", "", "O", 10.63, 59.05, 0, 0],
		[188, "U2_4", 396.75, -3478.35, "T", "SMD", "MCU_SDA3", "", "O", 10.63, 59.05, 0, 0],
		[189, "U2_5", 416.43, -3478.35, "T", "SMD", "MCU_SDA4", "", "O", 10.63, 59.05, 0, 0],
		[190, "U2_6", 436.12, -3478.35, "T", "SMD", "SYS_RGB", "", "O", 10.63, 59.05, 0, 0],
		[191, "U2_7", 455.8, -3478.35, "T", "SMD", "NRST", "", "O", 10.63, 59.05, 0, 0],
		[192, "U2_8", 475.49, -3478.35, "T", "SMD", "GND", "GND", "O", 10.63, 59.05, 0, 0],
		[193, "U2_9", 495.17, -3478.35, "T", "SMD", "3.3V", "", "O", 10.63, 59.05, 0, 0],
		[194, "U2_10", 514.86, -3478.35, "T", "SMD", "K_PULL1", "", "O", 10.63, 59.05, 0, 0],
		[195, "U2_11", 534.54, -3478.35, "T", "SMD", "K_ONLINE1", "", "O", 10.63, 59.05, 0, 0],
		[196, "U2_12", 554.23, -3478.35, "T", "SMD", "K_PULL2", "", "O", 10.63, 59.05, 0, 0],
		[197, "U2_13", 613.28, -3419.3, "T", "SMD", "K_ONLINE2", "", "O", 59.05, 10.63, 0, 0],
		[198, "U2_14", 613.28, -3399.61, "T", "SMD", "K_PULL3", "", "O", 59.05, 10.63, 0, 0],
		[199, "U2_15", 613.28, -3379.93, "T", "SMD", "K_ONLINE3", "", "O", 59.05, 10.63, 0, 0],
		[200, "U2_16", 613.28, -3360.24, "T", "SMD", "K_PULL4", "", "O", 59.05, 10.63, 0, 0],
		[201, "U2_17", 613.28, -3340.56, "T", "SMD", "K_ONLINE4", "", "O", 59.05, 10.63, 0, 0],
		[202, "U2_18", 613.28, -3320.87, "T", "SMD", "RGB_OUT1", "", "O", 59.05, 10.63, 0, 0],
		[203, "U2_19", 613.28, -3301.19, "T", "SMD", "RGB_OUT2", "", "O", 59.05, 10.63, 0, 0],
		[204, "U2_20", 613.28, -3281.5, "T", "SMD", "BOOT1", "", "O", 59.05, 10.63, 0, 0],
		[205, "U2_21", 613.28, -3261.82, "T", "SMD", "EXIT_TX", "", "O", 59.05, 10.63, 0, 0],
		[206, "U2_22", 613.28, -3242.13, "T", "SMD", "EXIT_RX", "", "O", 59.05, 10.63, 0, 0],
		[207, "U2_23", 613.28, -3222.45, "T", "SMD", "GND", "GND", "O", 59.05, 10.63, 0, 0],
		[208, "U2_24", 613.28, -3202.76, "T", "SMD", "3.3V", "", "O", 59.05, 10.63, 0, 0],
		[209, "U2_25", 554.23, -3143.71, "T", "SMD", "MCU_SCL1", "", "O", 10.63, 59.05, 0, 0],
		[210, "U2_26", 534.54, -3143.71, "T", "SMD", "MCU_SCL2", "", "O", 10.63, 59.05, 0, 0],
		[211, "U2_27", 514.86, -3143.71, "T", "SMD", "MCU_SCL3", "", "O", 10.63, 59.05, 0, 0],
		[212, "U2_28", 495.17, -3143.71, "T", "SMD", "MCU_SCL4", "", "O", 10.63, 59.05, 0, 0],
		[213, "U2_29", 475.49, -3143.71, "T", "SMD", "RGB_OUT3", "", "O", 10.63, 59.05, 0, 0],
		[214, "U2_30", 455.8, -3143.71, "T", "SMD", "MCU_TX", "", "O", 10.63, 59.05, 0, 0],
		[215, "U2_31", 436.12, -3143.71, "T", "SMD", "MCU_RX", "", "O", 10.63, 59.05, 0, 0],
		[216, "U2_32", 416.43, -3143.71, "T", "SMD", "RGB_OUT4", "", "O", 10.63, 59.05, 0, 0],
		[217, "U2_33", 396.75, -3143.71, "T", "SMD", "MCU_RTS", "", "O", 10.63, 59.05, 0, 0],
		[218, "U2_34", 377.06, -3143.71, "T", "SMD", "SWIO", "", "O", 10.63, 59.05, 0, 0],
		[219, "U2_35", 357.38, -3143.71, "T", "SMD", "GND", "GND", "O", 10.63, 59.05, 0, 0],
		[220, "U2_36", 337.69, -3143.71, "T", "SMD", "3.3V", "", "O", 10.63, 59.05, 0, 0],
		[221, "U2_37", 278.64, -3202.76, "T", "SMD", "SWCLK", "", "O", 59.05, 10.63, 0, 0],
		[222, "U2_38", 278.64, -3222.45, "T", "SMD", "MOTOR1_H", "", "O", 59.05, 10.63, 0, 0],
		[223, "U2_39", 278.64, -3242.13, "T", "SMD", "MOTOR1_L", "", "O", 59.05, 10.63, 0, 0],
		[224, "U2_40", 278.64, -3261.82, "T", "SMD", "MOTOR2_H", "", "O", 59.05, 10.63, 0, 0],
		[225, "U2_41", 278.64, -3281.5, "T", "SMD", "MOTOR2_L", "", "O", 59.05, 10.63, 0, 0],
		[226, "U2_42", 278.64, -3301.19, "T", "SMD", "MOTOR3_H", "", "O", 59.05, 10.63, 0, 0],
		[227, "U2_43", 278.64, -3320.87, "T", "SMD", "MOTOR3_L", "", "O", 59.05, 10.63, 0, 0],
		[228, "U2_44", 278.64, -3340.56, "T", "SMD", "BOOT0", "", "O", 59.05, 10.63, 0, 0],
		[229, "U2_45", 278.64, -3360.24, "T", "SMD", "MOTOR4_H", "", "O", 59.05, 10.63, 0, 0],
		[230, "U2_46", 278.64, -3379.93, "T", "SMD", "MOTOR4_L", "", "O", 59.05, 10.63, 0, 0],
		[231, "U2_47", 278.64, -3399.61, "T", "SMD", "GND", "GND", "O", 59.05, 10.63, 0, 0],
		[232, "U2_48", 278.64, -3419.3, "T", "SMD", "3.3V", "", "O", 59.05, 10.63, 0, 0],
		[233, "U3_1", 368.59, -2757.59, "T", "SMD", "3.3V", "", "R", 157.48, 196.85, 0, 180],
		[234, "U4_1", 368.59, -2088.3, "T", "SMD", "24V", "", "R", 157.48, 196.85, 0, 180],
		[235, "U5_1", 703.23, -2088.3, "T", "SMD", "GND", "GND", "R", 157.48, 196.85, 0, 0],
		[236, "U6_1", 703.23, -2757.59, "T", "SMD", "GND", "GND", "R", 157.48, 196.85, 0, 0],
		[237, "U7_1", 78.8, -2526.84, "T", "SMD", "MCU_RX", "", "O", 24.8, 73.42, 0, 0],
		[238, "U7_2", 128.8, -2526.84, "T", "SMD", "MCU_RTS", "", "O", 24.8, 73.42, 0, 0],
		[239, "U7_3", 178.8, -2526.84, "T", "SMD", "MCU_RTS", "", "O", 24.8, 73.42, 0, 0],
		[240, "U7_4", 228.8, -2526.84, "T", "SMD", "MCU_TX", "", "O", 24.8, 73.42, 0, 0],
		[241, "U7_5", 228.8, -2315.62, "T", "SMD", "$1N1340", "", "O", 24.8, 73.42, 0, 0],
		[242, "U7_6", 178.8, -2315.62, "T", "SMD", "RS485_A", "", "O", 24.8, 73.42, 0, 0],
		[243, "U7_7", 128.8, -2315.62, "T", "SMD", "RS485_B", "", "O", 24.8, 73.42, 0, 0],
		[244, "U7_8", 78.8, -2315.62, "T", "SMD", "$1N32182", "", "O", 24.8, 73.42, 0, 0],
		[245, "U8_1", 356.85, -629.08, "T", "SMD", "GND", "GND", "R", 23.62, 47.24, 0, 270],
		[246, "U8_2", 356.85, -679.08, "T", "SMD", "MOTOR1_L", "", "R", 23.62, 47.24, 0, 270],
		[247, "U8_3", 356.85, -729.08, "T", "SMD", "MOTOR1_H", "", "R", 23.62, 47.24, 0, 270],
		[248, "U8_4", 356.85, -779.08, "T", "SMD", "3.3V", "", "R", 23.62, 47.24, 0, 270],
		[249, "U8_5", 585.85, -779.08, "T", "SMD", "24V", "", "R", 23.62, 47.24, 0, 270],
		[250, "U8_6", 585.85, -729.08, "T", "SMD", "MOTOR1_HOUT", "", "R", 23.62, 47.24, 0, 270],
		[251, "U8_7", 585.85, -679.08, "T", "SMD", "$1N17664", "", "R", 23.62, 47.24, 0, 270],
		[252, "U8_8", 585.85, -629.08, "T", "SMD", "MOTOR1_LOUT", "", "R", 23.62, 47.24, 0, 270],
		[253, "U8_9", 471.35, -704.08, "T", "SMD", "GND", "GND", "R", 129.92, 94.49, 0, 90],
		[254, "U9_1", 356.77, -954.08, "T", "SMD", "GND", "GND", "R", 23.62, 47.24, 0, 270],
		[255, "U9_2", 356.77, -1004.08, "T", "SMD", "MOTOR2_L", "", "R", 23.62, 47.24, 0, 270],
		[256, "U9_3", 356.77, -1054.08, "T", "SMD", "MOTOR2_H", "", "R", 23.62, 47.24, 0, 270],
		[257, "U9_4", 356.77, -1104.08, "T", "SMD", "3.3V", "", "R", 23.62, 47.24, 0, 270],
		[258, "U9_5", 585.77, -1104.08, "T", "SMD", "24V", "", "R", 23.62, 47.24, 0, 270],
		[259, "U9_6", 585.77, -1054.08, "T", "SMD", "MOTOR2_HOUT", "", "R", 23.62, 47.24, 0, 270],
		[260, "U9_7", 585.77, -1004.08, "T", "SMD", "$1N17864", "", "R", 23.62, 47.24, 0, 270],
		[261, "U9_8", 585.77, -954.08, "T", "SMD", "MOTOR2_LOUT", "", "R", 23.62, 47.24, 0, 270],
		[262, "U9_9", 471.27, -1029.08, "T", "SMD", "GND", "GND", "R", 129.92, 94.49, 0, 90],
		[263, "U10_1", 356.81, -1274.08, "T", "SMD", "GND", "GND", "R", 23.62, 47.24, 0, 270],
		[264, "U10_2", 356.81, -1324.08, "T", "SMD", "MOTOR3_L", "", "R", 23.62, 47.24, 0, 270],
		[265, "U10_3", 356.81, -1374.08, "T", "SMD", "MOTOR3_H", "", "R", 23.62, 47.24, 0, 270],
		[266, "U10_4", 356.81, -1424.08, "T", "SMD", "3.3V", "", "R", 23.62, 47.24, 0, 270],
		[267, "U10_5", 585.81, -1424.08, "T", "SMD", "24V", "", "R", 23.62, 47.24, 0, 270],
		[268, "U10_6", 585.81, -1374.08, "T", "SMD", "MOTOR3_HOUT", "", "R", 23.62, 47.24, 0, 270],
		[269, "U10_7", 585.81, -1324.08, "T", "SMD", "$1N18070", "", "R", 23.62, 47.24, 0, 270],
		[270, "U10_8", 585.81, -1274.08, "T", "SMD", "MOTOR3_LOUT", "", "R", 23.62, 47.24, 0, 270],
		[271, "U10_9", 471.31, -1349.08, "T", "SMD", "GND", "GND", "R", 129.92, 94.49, 0, 90],
		[272, "U11_1", 356.73, -1594.08, "T", "SMD", "GND", "GND", "R", 23.62, 47.24, 0, 270],
		[273, "U11_2", 356.73, -1644.08, "T", "SMD", "MOTOR4_L", "", "R", 23.62, 47.24, 0, 270],
		[274, "U11_3", 356.73, -1694.08, "T", "SMD", "MOTOR4_H", "", "R", 23.62, 47.24, 0, 270],
		[275, "U11_4", 356.73, -1744.08, "T", "SMD", "3.3V", "", "R", 23.62, 47.24, 0, 270],
		[276, "U11_5", 585.73, -1744.08, "T", "SMD", "24V", "", "R", 23.62, 47.24, 0, 270],
		[277, "U11_6", 585.73, -1694.08, "T", "SMD", "MOTOR4_HOUT", "", "R", 23.62, 47.24, 0, 270],
		[278, "U11_7", 585.73, -1644.08, "T", "SMD", "$1N18276", "", "R", 23.62, 47.24, 0, 270],
		[279, "U11_8", 585.73, -1594.08, "T", "SMD", "MOTOR4_LOUT", "", "R", 23.62, 47.24, 0, 270],
		[280, "U11_9", 471.23, -1669.08, "T", "SMD", "GND", "GND", "R", 129.92, 94.49, 0, 90]
	]
}
}