{
"lengthUnit": "mil",
"components": {
	"fields": ["COMPONENT_NO", "COMPONENT_NAME", "LAYER", "X_COORDINATE", "Y_COORDINATE", "ANGLE"],
	"rows": [
		[1, "3.3V", "B", -272.34, -2914.02, 180],
		[2, "C6", "T", 210, -2270.31, 90],
		[3, "C7", "T", -2.21, -1107.56, 90],
		[4, "C8", "T", 302.51, -1625, 270],
		[5, "C9", "T", 302.51, -1405, 90],
		[6, "C10", "T", 270, -140.63, 90],
		[7, "C11", "T", -60, -1455, 0],
		[8, "C12", "T", -60, -1379.88, 0],
		[9, "CN2", "T", -465.26, -2839.99, 0],
		[10, "GND", "B", -343.75, -2914.02, 180],
		[11, "Hall", "T", 137.28, -145.1, 180],
		[12, "IR1", "T", -45.32, -1890, 0],
		[13, "LED1", "T", -163.45, -1113.39, 180],
		[14, "LED2", "T", 271.5, -1192.88, 90],
		[15, "Online", "B", -423.75, -2914.02, 180],
		[16, "Pressure", "B", -506.04, -2914.02, 90],
		[17, "R1", "T", -61.17, -1719.08, 0],
		[18, "R2", "T", -20, -2500, 0],
		[19, "R3", "T", 105, -2500, 180],
		[20, "R4", "T", -61.17, -1654.08, 0],
		[21, "R5", "T", -61.17, -1524.08, 0],
		[22, "R6", "T", -61.17, -1589.08, 180],
		[23, "RGB", "B", -583.75, -2914.02, 180],
		[24, "TP1", "B", -523.91, -2563.34, 180],
		[25, "TP5", "B", 186.5, -1038.31, 180],
		[26, "U1", "T", 47.29, -2280, 180],
		[27, "U4", "B", -213.81, -199.29, 135],
		[28, "U5", "B", -319.87, -305.35, 135],
		[29, "U7", "T", 226.73, -1938.27, 180],
		[30, "U9", "T", 145, -140.63, 180],
		[31, "U10", "T", 135, -1545, 180]
	]
},
"pins": {
	"fields": ["PIN_NO", "PIN_NAME", "PIN_X", "PIN_Y", "LAYER", "PIN_TYPE", "NET_NAME", "NET_TYPE", "PAD_SHAPE", "PAD_SIZEX", "PAD_SIZEY", "HOLE_SIZE", "PAD_ANGLE"],
	"rows": [
		[1, "3.3V_1", -272.34, -2914.02, "B", "SMD", "3.3V", "", "C", 19.68, 19.68, 0, 180],
		[2, "C6_1", 210, -2297.87, "T", "SMD", "GND", "GND", "R", 31.5, 35.43, 0, 90],
		[3, "C6_2", 210, -2242.75, "T", "SMD", "3.3V", "", "R", 31.5, 35.43, 0, 90],
		[4, "C7_1", -2.21, -1135.12, "T", "SMD", "GND", "GND", "R", 31.5, 35.43, 0, 90],
		[5, "C7_2", -2.21, -1080, "T", "SMD", "3.3V", "", "R", 31.5, 35.43, 0, 90],
		[6, "C8_1", 302.51, -1597.44, "T", "SMD", "GND", "GND", "R", 31.5, 35.43, 0, 270],
		[7, "C8_2", 302.51, -1652.56, "T", "SMD", "3.3V", "", "R", 31.5, 35.43, 0, 270],
		[8, "C9_1", 302.51, -1432.56, "T", "SMD", "GND", "GND", "R", 31.5, 35.43, 0, 90],
		[9, "C9_2", 302.51, -1377.44, "T", "SMD", "3.3V", "", "R", 31.5, 35.43, 0, 90],
		[10, "C10_1", 270, -168.19, "T", "SMD", "GND", "GND", "R", 31.5, 35.43, 0, 90],
		[11, "C10_2", 270, -113.07, "T", "SMD", "3.3V", "", "R", 31.5, 35.43, 0, 90],
		[12, "C11_1", -87.56, -1455, "T", "SMD", "GND", "GND", "R", 31.5, 35.43, 0, 0],
		[13, "C11_2", -32.44, -1455, "T", "SMD", "HALL_RC", "", "R", 31.5, 35.43, 0, 0],
		[14, "C12_1", -87.56, -1379.88, "T", "SMD", "GND", "GND", "R", 31.5, 35.43, 0, 0],
		[15, "C12_2", -32.44, -1379.88, "T", "SMD", "IR1_RC", "", "R", 31.5, 35.43, 0, 0],
		[16, "CN2_1", -819.59, -2727.78, "T", "SMD", "MCU_SCL", "", "R", 39.37, 137.79, 0, 0],
		[17, "CN2_2", -740.85, -2727.78, "T", "SMD", "MCU_SDA", "", "R", 39.37, 137.79, 0, 0],
		[18, "CN2_3", -662.11, -2727.78, "T", "SMD", "GND", "GND", "R", 39.37, 137.79, 0, 0],
		[19, "CN2_4", -583.37, -2727.78, "T", "SMD", "RGB_OUT", "", "R", 39.37, 137.79, 0, 0],
		[20, "CN2_5", -504.63, -2727.78, "T", "SMD", "K_PULL", "", "R", 39.37, 137.79, 0, 0],
		[21, "CN2_6", -425.89, -2727.78, "T", "SMD", "K_ONLINE", "", "R", 39.37, 137.79, 0, 0],
		[22, "CN2_7", -347.15, -2727.78, "T", "SMD", "GND", "GND", "R", 39.37, 137.79, 0, 0],
		[23, "CN2_8", -268.41, -2727.78, "T", "SMD", "3.3V", "", "R", 39.37, 137.79, 0, 0],
		[24, "CN2_9", -189.67, -2727.78, "T", "SMD", "MOTOR_HOUT", "", "R", 39.37, 137.79, 0, 0],
		[25, "CN2_10", -110.93, -2727.78, "T", "SMD", "MOTOR_LOUT", "", "R", 39.37, 137.79, 0, 0],
		[26, "CN2_11", -18.41, -2952.19, "T", "SMD", "CN2_11", "", "R", 59.05, 137.79, 0, 0],
		[27, "CN2_12", -912.11, -2952.19, "T", "SMD", "CN2_12", "", "R", 59.05, 137.79, 0, 0],
		[28, "GND_1", -343.75, -2914.02, "B", "SMD", "GND", "GND", "C", 19.68, 19.68, 0, 180],
		[29, "Hall_1", 137.28, -145.1, "B", "SMD", "HALL_OUT", "", "C", 19.68, 19.68, 0, 180],
		[30, "IR1_1", -45.32, -1890, "B", "SMD", "IR1_RECV", "", "C", 19.68, 19.68, 0, 0],
		[31, "LED1_1", -104.4, -1014.96, "T", "SMD", "3.3V", "", "R", 59.05, 39.37, 0, 270],
		[32, "LED1_2", -222.5, -1014.96, "T", "SMD", "$1N10852", "", "R", 59.05, 39.37, 0, 270],
		[33, "LED1_3", -222.5, -1211.81, "T", "SMD", "GND", "GND", "R", 59.05, 39.37, 0, 270],
		[34, "LED1_4", -104.4, -1211.81, "T", "SMD", "RGB_OUT", "", "R", 59.05, 39.37, 0, 270],
		[35, "LED2_1", 271.5, -1142.68, "T", "SMD", "GND", "GND", "R", 16.93, 45.28, 0, 90],
		[36, "LED2_2", 271.5, -1176.14, "T", "SMD", "LED2_2", "", "R", 16.93, 45.28, 0, 90],
		[37, "LED2_3", 271.5, -1209.6, "T", "SMD", "3.3V", "", "R", 16.93, 45.28, 0, 90],
		[38, "LED2_4", 271.5, -1243.07, "T", "SMD", "$1N10852", "", "R", 16.93, 45.28, 0, 90],
		[39, "Online_1", -423.75, -2914.02, "B", "SMD", "K_ONLINE", "", "C", 19.68, 19.68, 0, 180],
		[40, "Pressure_1", -506.04, -2914.02, "B", "SMD", "K_PULL", "", "C", 19.68, 19.68, 0, 90],
		[41, "R1_1", -90.83, -1719.08, "T", "SMD", "3.3V", "", "R", 31.75, 34.02, 0, 0],
		[42, "R1_2", -31.51, -1719.08, "T", "SMD", "$1N13047", "", "R", 31.75, 34.02, 0, 0],
		[43, "R2_1", -49.66, -2500, "T", "SMD", "3.3V", "", "R", 31.75, 34.02, 0, 0],
		[44, "R2_2", 9.66, -2500, "T", "SMD", "MCU_SDA", "", "R", 31.75, 34.02, 0, 0],
		[45, "R3_1", 134.66, -2500, "T", "SMD", "3.3V", "", "R", 31.75, 34.02, 0, 180],
		[46, "R3_2", 75.34, -2500, "T", "SMD", "MCU_SCL", "", "R", 31.75, 34.02, 0, 180],
		[47, "R4_1", -90.83, -1654.08, "T", "SMD", "3.3V", "", "R", 31.75, 34.02, 0, 0],
		[48, "R4_2", -31.51, -1654.08, "T", "SMD", "IR1_RECV", "", "R", 31.75, 34.02, 0, 0],
		[49, "R5_1", -90.83, -1524.08, "T", "SMD", "HALL_OUT", "", "R", 31.75, 34.02, 0, 0],
		[50, "R5_2", -31.51, -1524.08, "T", "SMD", "HALL_RC", "", "R", 31.75, 34.02, 0, 0],
		[51, "R6_1", -31.51, -1589.08, "T", "SMD", "IR1_RC", "", "R", 31.75, 34.02, 0, 180],
		[52, "R6_2", -90.83, -1589.08, "T", "SMD", "IR1_RECV", "", "R", 31.75, 34.02, 0, 180],
		[53, "RGB_1", -583.75, -2914.02, "B", "SMD", "RGB_OUT", "", "C", 19.68, 19.68, 0, 180],
		[54, "TP1_1", -523.91, -2563.34, "T", "DIP", "TP1_1", "", "C", 78.74, 78.74, 78.74, 180],
		[55, "TP1_1", -523.91, -2563.34, "B", "DIP", "TP1_1", "", "C", 78.74, 78.74, 78.74, 180],
		[56, "TP5_1", 186.5, -1038.31, "T", "DIP", "TP5_1", "", "C", 78.74, 78.74, 78.74, 180],
		[57, "TP5_1", 186.5, -1038.31, "B", "DIP", "TP5_1", "", "C", 78.74, 78.74, 78.74, 180],
		[58, "U1_1", 122.29, -2170.85, "T", "SMD", "3.3V", "", "O", 23.15, 80.51, 0, 180],
		[59, "U1_2", 72.29, -2170.85, "T", "SMD", "3.3V", "", "O", 23.15, 80.51, 0, 180],
		[60, "U1_3", 22.29, -2170.85, "T", "SMD", "U1_3", "", "O", 23.15, 80.51, 0, 180],
		[61, "U1_4", -27.71, -2170.85, "T", "SMD", "GND", "GND", "O", 23.15, 80.51, 0, 180],
		[62, "U1_5", -27.71, -2389.15, "T", "SMD", "GND", "GND", "O", 23.15, 80.51, 0, 180],
		[63, "U1_6", 22.29, -2389.15, "T", "SMD", "MCU_SDA", "", "O", 23.15, 80.51, 0, 180],
		[64, "U1_7", 72.29, -2389.15, "T", "SMD", "MCU_SCL", "", "O", 23.15, 80.51, 0, 180],
		[65, "U1_8", 122.29, -2389.15, "T", "SMD", "GND", "GND", "O", 23.15, 80.51, 0, 180],
		[66, "U4_1", -213.81, -199.29, "B", "SMD", "MOTOR_HOUT", "", "R", 118.11, 62.99, 0, 135],
		[67, "U5_1", -319.87, -305.35, "B", "SMD", "MOTOR_LOUT", "", "R", 118.11, 62.99, 0, 135],
		[68, "U7_1", 429.48, -1988.27, "T", "DIP", "$1N13047", "", "C", 59.06, 59.06, 32.2, 180],
		[69, "U7_1", 429.48, -1988.27, "B", "DIP", "$1N13047", "", "C", 59.06, 59.06, 32.2, 180],
		[70, "U7_2", 429.48, -1888.27, "T", "DIP", "GND", "GND", "C", 59.06, 59.06, 32.2, 180],
		[71, "U7_2", 429.48, -1888.27, "B", "DIP", "GND", "GND", "C", 59.06, 59.06, 32.2, 180],
		[72, "U7_3", 23.97, -1888.27, "T", "DIP", "IR1_RECV", "", "C", 59.06, 59.06, 32.2, 180],
		[73, "U7_3", 23.97, -1888.27, "B", "DIP", "IR1_RECV", "", "C", 59.06, 59.06, 32.2, 180],
		[74, "U7_4", 23.97, -1988.27, "T", "DIP", "GND", "GND", "C", 59.06, 59.06, 32.2, 180],
		[75, "U7_4", 23.97, -1988.27, "B", "DIP", "GND", "GND", "C", 59.06, 59.06, 32.2, 180],
		[76, "U9_1", 96.38, -103.23, "T", "SMD", "3.3V", "", "R", 42.13, 23.62, 0, 180],
		[77, "U9_2", 96.38, -178.03, "T", "SMD", "HALL_OUT", "", "R", 42.13, 23.62, 0, 180],
		[78, "U9_3", 193.62, -140.63, "T", "SMD", "GND", "GND", "R", 42.13, 23.62, 0, 180],
		[79, "U10_1", 210, -1439.39, "T", "SMD", "K_ONLINE", "", "O", 24.8, 73.42, 0, 180],
		[80, "U10_2", 160, -1439.39, "T", "SMD", "K_ONLINE", "", "O", 24.8, 73.42, 0, 180],
		[81, "U10_3", 110, -1439.39, "T", "SMD", "IR1_RC", "", "O", 24.8, 73.42, 0, 180],
		[82, "U10_4", 60, -1439.39, "T", "SMD", "GND", "GND", "O", 24.8, 73.42, 0, 180],
		[83, "U10_5", 60, -1650.61, "T", "SMD", "HALL_RC", "", "O", 24.8, 73.42, 0, 180],
		[84, "U10_6", 110, -1650.61, "T", "SMD", "K_PULL", "", "O", 24.8, 73.42, 0, 180],
		[85, "U10_7", 160, -1650.61, "T", "SMD", "K_PULL", "", "O", 24.8, 73.42, 0, 180],
		[86, "U10_8", 210, -1650.61, "T", "SMD", "3.3V", "", "O", 24.8, 73.42, 0, 180]
	]
}
}