{
"lengthUnit": "mil",
"components": {
	"fields": ["COMPONENT_NO", "COMPONENT_NAME", "LAYER", "X_COORDINATE", "Y_COORDINATE", "ANGLE"],
	"rows": [
		[1, "C6", "B", -106.04, -2269.99, 90],
		[2, "C7", "B", 11.05, -1105, 90],
		[3, "C8", "B", -353.89, -1890, 180],
		[4, "CN2", "T", -465.26, -2839.99, 0],
		[5, "LED1", "T", -165, -1115, 180],
		[6, "LED2", "B", 400, -2110, 225],
		[7, "LED3", "B", 309.42, -1337.23, 90],
		[8, "R1", "B", 177.5, -2022.5, 90],
		[9, "R2", "B", 112.5, -2022.5, 90],
		[10, "R3", "B", 310, -2200, 225],
		[11, "R4", "B", 309.42, -1212.23, 90],
		[12, "RN1", "B", -355, -2425, 270],
		[13, "RN2", "B", -355, -2255, 90],
		[14, "TP1", "B", -523.91, -2563.34, 180],
		[15, "TP5", "B", 225.85, -1038.3, 180],
		[16, "TP6", "B", -821.04, -2914.02, 90],
		[17, "TP7", "B", -738.75, -2914.02, 180],
		[18, "TP8", "B", -583.75, -2914.02, 180],
		[19, "TP9", "B", -272.34, -2914.02, 180],
		[20, "TP10", "B", -343.75, -2914.02, 180],
		[21, "U1", "B", 51.1, -2270.31, 0],
		[22, "U4", "B", -223.81, -1018.9, 135],
		[23, "U5", "B", -329.87, -1124.97, 135],
		[24, "U6", "B", -272.73, -2050, 270],
		[25, "U7", "T", 226.73, -1938.27, 180],
		[26, "U8", "T", -147.78, -1695.51, 180]
	]
},
"pins": {
	"fields": ["PIN_NO", "PIN_NAME", "PIN_X", "PIN_Y", "LAYER", "PIN_TYPE", "NET_NAME", "NET_TYPE", "PAD_SHAPE", "PAD_SIZEX", "PAD_SIZEY", "HOLE_SIZE", "PAD_ANGLE"],
	"rows": [
		[1, "C6_1", -106.04, -2297.55, "B", "SMD", "GND", "GND", "R", 31.5, 35.43, 0, 90],
		[2, "C6_2", -106.04, -2242.43, "B", "SMD", "3.3V", "", "R", 31.5, 35.43, 0, 90],
		[3, "C7_1", 11.05, -1132.56, "B", "SMD", "GND", "GND", "R", 31.5, 35.43, 0, 90],
		[4, "C7_2", 11.05, -1077.44, "B", "SMD", "3.3V", "", "R", 31.5, 35.43, 0, 90],
		[5, "C8_1", -326.33, -1890, "B", "SMD", "GND", "GND", "R", 31.5, 35.43, 0, 180],
		[6, "C8_2", -381.45, -1890, "B", "SMD", "3.3V", "", "R", 31.5, 35.43, 0, 180],
		[7, "CN2_1", -819.59, -2727.78, "T", "SMD", "K_PULL", "", "R", 39.37, 137.79, 0, 0],
		[8, "CN2_2", -740.85, -2727.78, "T", "SMD", "K_ONLINE", "", "R", 39.37, 137.79, 0, 0],
		[9, "CN2_3", -662.11, -2727.78, "T", "SMD", "GND", "GND", "R", 39.37, 137.79, 0, 0],
		[10, "CN2_4", -583.37, -2727.78, "T", "SMD", "RGB_OUT", "", "R", 39.37, 137.79, 0, 0],
		[11, "CN2_5", -504.63, -2727.78, "T", "SMD", "MCU_SCL", "", "R", 39.37, 137.79, 0, 0],
		[12, "CN2_6", -425.89, -2727.78, "T", "SMD", "MCU_SDA", "", "R", 39.37, 137.79, 0, 0],
		[13, "CN2_7", -347.15, -2727.78, "T", "SMD", "GND", "GND", "R", 39.37, 137.79, 0, 0],
		[14, "CN2_8", -268.41, -2727.78, "T", "SMD", "3.3V", "", "R", 39.37, 137.79, 0, 0],
		[15, "CN2_9", -189.67, -2727.78, "T", "SMD", "MOTOR_HOUT", "", "R", 39.37, 137.79, 0, 0],
		[16, "CN2_10", -110.93, -2727.78, "T", "SMD", "MOTOR_LOUT", "", "R", 39.37, 137.79, 0, 0],
		[17, "CN2_11", -18.41, -2952.19, "T", "SMD", "CN2_11", "", "R", 59.05, 137.79, 0, 0],
		[18, "CN2_12", -912.11, -2952.19, "T", "SMD", "CN2_12", "", "R", 59.05, 137.79, 0, 0],
		[19, "LED1_1", -105.95, -1016.58, "T", "SMD", "3.3V", "", "R", 59.05, 39.37, 0, 270],
		[20, "LED1_2", -224.05, -1016.58, "T", "SMD", "LED1_2", "", "R", 59.05, 39.37, 0, 270],
		[21, "LED1_3", -224.05, -1213.42, "T", "SMD", "GND", "GND", "R", 59.05, 39.37, 0, 270],
		[22, "LED1_4", -105.95, -1213.42, "T", "SMD", "RGB_OUT", "", "R", 59.05, 39.37, 0, 270],
		[23, "LED2_1", 423.97, -2086.59, "B", "SMD", "K_ONLINE", "", "R", 31.5, 31.5, 0, 135],
		[24, "LED2_2", 379.28, -2131, "B", "SMD", "$1N5729", "", "R", 31.5, 31.5, 0, 135],
		[25, "LED3_1", 309.02, -1370.73, "B", "SMD", "K_PULL", "", "R", 31.5, 31.5, 0, 0],
		[26, "LED3_2", 309.22, -1307.73, "B", "SMD", "$1N5756", "", "R", 31.5, 31.5, 0, 0],
		[27, "R1_1", 177.5, -2052.16, "B", "SMD", "3.3V", "", "R", 31.75, 34.02, 0, 90],
		[28, "R1_2", 177.5, -1992.84, "B", "SMD", "$1N2893", "", "R", 31.75, 34.02, 0, 90],
		[29, "R2_1", 112.5, -2052.16, "B", "SMD", "3.3V", "", "R", 31.75, 34.02, 0, 90],
		[30, "R2_2", 112.5, -1992.84, "B", "SMD", "$1N2898", "", "R", 31.75, 34.02, 0, 90],
		[31, "R3_1", 330.97, -2179.03, "B", "SMD", "$1N5729", "", "R", 31.75, 34.02, 0, 225],
		[32, "R3_2", 289.03, -2220.97, "B", "SMD", "3.3V", "", "R", 31.75, 34.02, 0, 225],
		[33, "R4_1", 309.42, -1241.89, "B", "SMD", "$1N5756", "", "R", 31.75, 34.02, 0, 90],
		[34, "R4_2", 309.42, -1182.57, "B", "SMD", "3.3V", "", "R", 31.75, 34.02, 0, 90],
		[35, "RN1_1", -319.56, -2377.76, "B", "SMD", "K_PULL", "", "R", 25.59, 31.5, 0, 270],
		[36, "RN1_2", -319.56, -2409.25, "B", "SMD", "K_ONLINE", "", "R", 19.68, 31.5, 0, 270],
		[37, "RN1_3", -319.56, -2440.75, "B", "SMD", "MCU_SCL", "", "R", 19.68, 31.5, 0, 270],
		[38, "RN1_4", -319.56, -2472.24, "B", "SMD", "MCU_SDA", "", "R", 25.59, 31.5, 0, 270],
		[39, "RN1_5", -390.44, -2472.24, "B", "SMD", "3.3V", "", "R", 25.59, 31.5, 0, 270],
		[40, "RN1_6", -390.44, -2440.75, "B", "SMD", "3.3V", "", "R", 19.68, 31.5, 0, 270],
		[41, "RN1_7", -390.44, -2409.25, "B", "SMD", "3.3V", "", "R", 19.68, 31.5, 0, 270],
		[42, "RN1_8", -390.44, -2377.76, "B", "SMD", "3.3V", "", "R", 25.59, 31.5, 0, 270],
		[43, "RN2_1", -390.44, -2302.24, "B", "SMD", "3.3V", "", "R", 25.59, 31.5, 0, 90],
		[44, "RN2_2", -390.44, -2270.75, "B", "SMD", "3.3V", "", "R", 19.68, 31.5, 0, 90],
		[45, "RN2_3", -390.44, -2239.25, "B", "SMD", "3.3V", "", "R", 19.68, 31.5, 0, 90],
		[46, "RN2_4", -390.44, -2207.76, "B", "SMD", "GND", "GND", "R", 25.59, 31.5, 0, 90],
		[47, "RN2_5", -319.56, -2207.76, "B", "SMD", "VREF", "", "R", 25.59, 31.5, 0, 90],
		[48, "RN2_6", -319.56, -2239.25, "B", "SMD", "VREF", "", "R", 19.68, 31.5, 0, 90],
		[49, "RN2_7", -319.56, -2270.75, "B", "SMD", "IR2_RECV", "", "R", 19.68, 31.5, 0, 90],
		[50, "RN2_8", -319.56, -2302.24, "B", "SMD", "IR1_RECV", "", "R", 25.59, 31.5, 0, 90],
		[51, "TP1_1", -523.91, -2563.34, "T", "DIP", "TP1_1", "", "C", 78.74, 78.74, 78.74, 180],
		[52, "TP1_1", -523.91, -2563.34, "B", "DIP", "TP1_1", "", "C", 78.74, 78.74, 78.74, 180],
		[53, "TP5_1", 225.85, -1038.3, "T", "DIP", "TP5_1", "", "C", 78.74, 78.74, 78.74, 180],
		[54, "TP5_1", 225.85, -1038.3, "B", "DIP", "TP5_1", "", "C", 78.74, 78.74, 78.74, 180],
		[55, "TP6_1", -821.04, -2914.02, "B", "SMD", "K_PULL", "", "C", 19.68, 19.68, 0, 90],
		[56, "TP7_1", -738.75, -2914.02, "B", "SMD", "K_ONLINE", "", "C", 19.68, 19.68, 0, 180],
		[57, "TP8_1", -583.75, -2914.02, "B", "SMD", "RGB_OUT", "", "C", 19.68, 19.68, 0, 180],
		[58, "TP9_1", -272.34, -2914.02, "B", "SMD", "3.3V", "", "C", 19.68, 19.68, 0, 180],
		[59, "TP10_1", -343.75, -2914.02, "B", "SMD", "GND", "GND", "C", 19.68, 19.68, 0, 180],
		[60, "U1_1", -23.9, -2161.16, "B", "SMD", "3.3V", "", "O", 23.15, 80.51, 0, 0],
		[61, "U1_2", 26.1, -2161.16, "B", "SMD", "3.3V", "", "O", 23.15, 80.51, 0, 0],
		[62, "U1_3", 76.1, -2161.16, "B", "SMD", "U1_3", "", "O", 23.15, 80.51, 0, 0],
		[63, "U1_4", 126.1, -2161.16, "B", "SMD", "GND", "GND", "O", 23.15, 80.51, 0, 0],
		[64, "U1_5", 126.1, -2379.46, "B", "SMD", "GND", "GND", "O", 23.15, 80.51, 0, 0],
		[65, "U1_6", 76.1, -2379.46, "B", "SMD", "MCU_SDA", "", "O", 23.15, 80.51, 0, 0],
		[66, "U1_7", 26.1, -2379.46, "B", "SMD", "MCU_SCL", "", "O", 23.15, 80.51, 0, 0],
		[67, "U1_8", -23.9, -2379.46, "B", "SMD", "GND", "GND", "O", 23.15, 80.51, 0, 0],
		[68, "U4_1", -223.81, -1018.9, "B", "SMD", "MOTOR_HOUT", "", "R", 118.11, 62.99, 0, 135],
		[69, "U5_1", -329.87, -1124.97, "B", "SMD", "MOTOR_LOUT", "", "R", 118.11, 62.99, 0, 135],
		[70, "U6_1", -166.23, -1975, "B", "SMD", "K_ONLINE", "", "O", 22.38, 76.78, 0, 270],
		[71, "U6_2", -166.23, -2025, "B", "SMD", "IR1_RECV", "", "O", 22.38, 76.78, 0, 270],
		[72, "U6_3", -166.23, -2075, "B", "SMD", "VREF", "", "O", 22.38, 76.78, 0, 270],
		[73, "U6_4", -166.23, -2125, "B", "SMD", "GND", "GND", "O", 22.38, 76.78, 0, 270],
		[74, "U6_5", -379.23, -2125, "B", "SMD", "VREF", "", "O", 22.38, 76.78, 0, 270],
		[75, "U6_6", -379.23, -2075, "B", "SMD", "IR2_RECV", "", "O", 22.38, 76.78, 0, 270],
		[76, "U6_7", -379.23, -2025, "B", "SMD", "K_PULL", "", "O", 22.38, 76.78, 0, 270],
		[77, "U6_8", -379.23, -1975, "B", "SMD", "3.3V", "", "O", 22.38, 76.78, 0, 270],
		[78, "U7_1", 429.48, -1988.27, "T", "DIP", "$1N2893", "", "C", 59.06, 59.06, 32.2, 180],
		[79, "U7_1", 429.48, -1988.27, "B", "DIP", "$1N2893", "", "C", 59.06, 59.06, 32.2, 180],
		[80, "U7_2", 429.48, -1888.27, "T", "DIP", "GND", "GND", "C", 59.06, 59.06, 32.2, 180],
		[81, "U7_2", 429.48, -1888.27, "B", "DIP", "GND", "GND", "C", 59.06, 59.06, 32.2, 180],
		[82, "U7_3", 23.97, -1888.27, "T", "DIP", "IR1_RECV", "", "C", 59.06, 59.06, 32.2, 180],
		[83, "U7_3", 23.97, -1888.27, "B", "DIP", "IR1_RECV", "", "C", 59.06, 59.06, 32.2, 180],
		[84, "U7_4", 23.97, -1988.27, "T", "DIP", "GND", "GND", "C", 59.06, 59.06, 32.2, 180],
		[85, "U7_4", 23.97, -1988.27, "B", "DIP", "GND", "GND", "C", 59.06, 59.06, 32.2, 180],
		[86, "U8_1", 54.97, -1745.51, "T", "DIP", "$1N2898", "", "C", 59.06, 59.06, 32.2, 180],
		[87, "U8_1", 54.97, -1745.51, "B", "DIP", "$1N2898", "", "C", 59.06, 59.06, 32.2, 180],
		[88, "U8_2", 54.97, -1645.51, "T", "DIP", "GND", "GND", "C", 59.06, 59.06, 32.2, 180],
		[89, "U8_2", 54.97, -1645.51, "B", "DIP", "GND", "GND", "C", 59.06, 59.06, 32.2, 180],
		[90, "U8_3", -350.54, -1645.51, "T", "DIP", "IR2_RECV", "", "C", 59.06, 59.06, 32.2, 180],
		[91, "U8_3", -350.54, -1645.51, "B", "DIP", "IR2_RECV", "", "C", 59.06, 59.06, 32.2, 180],
		[92, "U8_4", -350.54, -1745.51, "T", "DIP", "GND", "GND", "C", 59.06, 59.06, 32.2, 180],
		[93, "U8_4", -350.54, -1745.51, "B", "DIP", "GND", "GND", "C", 59.06, 59.06, 32.2, 180]
	]
}
}