{
"lengthUnit": "mil",
"components": {
	"fields": ["COMPONENT_NO", "COMPONENT_NAME", "LAYER", "X_COORDINATE", "Y_COORDINATE", "ANGLE"],
	"rows": [
		[1, "C1", "T", 440, -2367, 270],
		[2, "C2", "T", 535, -2070, 180],
		[3, "C3", "T", 326.12, -2525, 270],
		[4, "C4", "T", 410, -2525, 90],
		[5, "C5", "T", 670, -2310, 90],
		[6, "C6", "T", 420, -3570, 180],
		[7, "C7", "T", 195, -3450, 0],
		[8, "C8", "T", 295, -3520, 0],
		[9, "C9", "T", 550, -3005, 270],
		[10, "C10", "T", 335, -3005, 270],
		[11, "C11", "T", 75, -210, 270],
		[12, "C12", "T", 85, -2208.48, 270],
		[13, "C13", "T", 470, -855, 0],
		[14, "C14", "T", 470.04, -1500, 0],
		[15, "C15", "T", 470.08, -1180, 0],
		[16, "C16", "T", 470.13, -1820, 0],
		[17, "C17", "T", 50, -3555, 270],
		[18, "C18", "T", 685, -3670, 90],
		[19, "CN1", "T", 590, -440, 180],
		[20, "CN2", "T", 1025.01, -500.91, 90],
		[21, "CN3", "T", 1025.01, -1473.35, 90],
		[22, "CN4", "T", 1025.01, -2445.79, 90],
		[23, "CN5", "T", 1025.01, -3418.23, 90],
		[24, "D1", "T", 235, -475, 180],
		[25, "D2", "T", 135, -1860, 270],
		[26, "L1", "T", 620, -2515, 180],
		[27, "LED1", "T", 228.08, -196.03, 0],
		[28, "R1", "T", 349, -2395, 180],
		[29, "R2", "T", 349, -2336, 0],
		[30, "R3", "T", 710, -700, 270],
		[31, "R4", "T", 714.68, -1025, 270],
		[32, "R5", "T", 712.34, -1345, 270],
		[33, "R6", "T", 717.02, -1665, 270],
		[34, "R7", "T", 100, -2065, 90],
		[35, "R8", "T", 170, -2065, 90],
		[36, "R9", "T", 135, -1975, 180],
		[37, "RN1", "T", 750.93, -3527.14, 270],
		[38, "RN2", "T", 750.93, -3365.7, 270],
		[39, "RN3", "T", 750.93, -3207.14, 270],
		[40, "TP1", "T", 118.11, -826.77, 0],
		[41, "TP2", "T", 118.11, -3011.81, 0],
		[42, "TP3", "T", 708.66, -3011.81, 0],
		[43, "U1", "T", 540, -2290, 180],
		[44, "U2", "T", 445.96, -3311.03, 0],
		[45, "U3", "T", 368.59, -2757.59, 180],
		[46, "U4", "T", 368.59, -2088.3, 180],
		[47, "U5", "T", 703.23, -2088.3, 0],
		[48, "U6", "T", 703.23, -2757.59, 0],
		[49, "U7", "T", 153.8, -2421.23, 0],
		[50, "U8", "T", 471.35, -704.08, 270],
		[51, "U9", "T", 471.27, -1029.08, 270],
		[52, "U10", "T", 471.31, -1349.08, 270],
		[53, "U11", "T", 471.23, -1669.08, 270],
		[54, "U15", "T", 140, -3675, 0],
		[55, "U16", "B", 415, -3790, 180]
	]
},
"pins": {
	"fields": ["PIN_NO", "PIN_NAME", "PIN_X", "PIN_Y", "LAYER", "PIN_TYPE", "NET_NAME", "NET_TYPE", "PAD_SHAPE", "PAD_SIZEX", "PAD_SIZEY", "HOLE_SIZE", "PAD_ANGLE"],
	"rows": [
		[1, "C1_1", 440, -2339.44, "T", "SMD", "$1N6554", "", "R", 31.5, 35.43, 0, 270],
		[2, "C1_2", 440, -2394.56, "T", "SMD", "3.3V", "", "R", 31.5, 35.43, 0, 270],
		[3, "C2_1", 574.37, -2070, "T", "SMD", "GND", "GND", "R", 55.51, 53.15, 0, 180],
		[4, "C2_2", 495.63, -2070, "T", "SMD", "24V", "", "R", 55.51, 53.15, 0, 180],
		[5, "C3_1", 326.12, -2485.63, "T", "SMD", "GND", "GND", "R", 55.51, 53.15, 0, 270],
		[6, "C3_2", 326.12, -2564.37, "T", "SMD", "3.3V", "", "R", 55.51, 53.15, 0, 270],
		[7, "C4_1", 410, -2564.37, "T", "SMD", "GND", "GND", "R", 55.51, 53.15, 0, 90],
		[8, "C4_2", 410, -2485.63, "T", "SMD", "3.3V", "", "R", 55.51, 53.15, 0, 90],
		[9, "C5_1", 670, -2337.56, "T", "SMD", "$1N2756", "", "R", 31.5, 35.43, 0, 90],
		[10, "C5_2", 670, -2282.44, "T", "SMD", "$1N2752", "", "R", 31.5, 35.43, 0, 90],
		[11, "C6_1", 447.56, -3570, "T", "SMD", "GND", "GND", "R", 31.5, 35.43, 0, 180],
		[12, "C6_2", 392.44, -3570, "T", "SMD", "NRST", "", "R", 31.5, 35.43, 0, 180],
		[13, "C7_1", 167.44, -3450, "T", "SMD", "GND", "GND", "R", 31.5, 35.43, 0, 0],
		[14, "C7_2", 222.56, -3450, "T", "SMD", "3.3V", "", "R", 31.5, 35.43, 0, 0],
		[15, "C8_1", 267.44, -3520, "T", "SMD", "GND", "GND", "R", 31.5, 35.43, 0, 0],
		[16, "C8_2", 322.56, -3520, "T", "SMD", "3.3V", "", "R", 31.5, 35.43, 0, 0],
		[17, "C9_1", 550, -2977.44, "T", "SMD", "GND", "GND", "R", 31.5, 35.43, 0, 270],
		[18, "C9_2", 550, -3032.56, "T", "SMD", "3.3V", "", "R", 31.5, 35.43, 0, 270],
		[19, "C10_1", 335, -2977.44, "T", "SMD", "GND", "GND", "R", 31.5, 35.43, 0, 270],
		[20, "C10_2", 335, -3032.56, "T", "SMD", "3.3V", "", "R", 31.5, 35.43, 0, 270],
		[21, "C11_1", 75, -182.44, "T", "SMD", "GND", "GND", "R", 31.5, 35.43, 0, 270],
		[22, "C11_2", 75, -237.56, "T", "SMD", "3.3V", "", "R", 31.5, 35.43, 0, 270],
		[23, "C12_1", 85, -2180.92, "T", "SMD", "GND", "GND", "R", 31.5, 35.43, 0, 270],
		[24, "C12_2", 85, -2236.04, "T", "SMD", "3.3V", "", "R", 31.5, 35.43, 0, 270],
		[25, "C13_1", 442.44, -855, "T", "SMD", "GND", "GND", "R", 31.5, 35.43, 0, 0],
		[26, "C13_2", 497.56, -855, "T", "SMD", "24V", "", "R", 31.5, 35.43, 0, 0],
		[27, "C14_1", 442.48, -1500, "T", "SMD", "GND", "GND", "R", 31.5, 35.43, 0, 0],
		[28, "C14_2", 497.6, -1500, "T", "SMD", "24V", "", "R", 31.5, 35.43, 0, 0],
		[29, "C15_1", 442.52, -1180, "T", "SMD", "GND", "GND", "R", 31.5, 35.43, 0, 0],
		[30, "C15_2", 497.64, -1180, "T", "SMD", "24V", "", "R", 31.5, 35.43, 0, 0],
		[31, "C16_1", 442.57, -1820, "T", "SMD", "GND", "GND", "R", 31.5, 35.43, 0, 0],
		[32, "C16_2", 497.69, -1820, "T", "SMD", "24V", "", "R", 31.5, 35.43, 0, 0],
		[33, "C17_1", 50, -3527.44, "T", "SMD", "$1N28539", "", "R", 31.5, 35.43, 0, 270],
		[34, "C17_2", 50, -3582.56, "T", "SMD", "GND", "GND", "R", 31.5, 35.43, 0, 270],
		[35, "C18_1", 685, -3697.56, "T", "SMD", "GND", "GND", "R", 31.5, 35.43, 0, 90],
		[36, "C18_2", 685, -3642.44, "T", "SMD", "3.3V", "", "R", 31.5, 35.43, 0, 90],
		[37, "CN1_1", 649.05, -499.06, "T", "DIP", "24V", "", "R", 78.74, 78.74, 47.24, 180],
		[38, "CN1_1", 649.05, -499.06, "B", "DIP", "24V", "", "R", 78.74, 78.74, 47.24, 180],
		[39, "CN1_2", 649.06, -380.95, "T", "DIP", "$1N22936", "", "C", 78.74, 78.74, 47.24, 180],
		[40, "CN1_2", 649.06, -380.95, "B", "DIP", "$1N22936", "", "C", 78.74, 78.74, 47.24, 180],
		[41, "CN1_3", 530.94, -499.05, "T", "DIP", "GND", "GND", "C", 78.74, 78.74, 47.24, 180],
		[42, "CN1_3", 530.94, -499.05, "B", "DIP", "GND", "GND", "C", 78.74, 78.74, 47.24, 180],
		[43, "CN1_4", 530.95, -380.94, "T", "DIP", "$1N22933", "", "C", 78.74, 78.74, 47.24, 180],
		[44, "CN1_4", 530.95, -380.94, "B", "DIP", "$1N22933", "", "C", 78.74, 78.74, 47.24, 180],
		[45, "CN2_1", 912.8, -855.24, "T", "SMD", "K_PULL1", "", "R", 39.37, 137.79, 0, 90],
		[46, "CN2_2", 912.8, -776.5, "T", "SMD", "K_ONLINE1", "", "R", 39.37, 137.79, 0, 90],
		[47, "CN2_3", 912.8, -697.76, "T", "SMD", "GND", "GND", "R", 39.37, 137.79, 0, 90],
		[48, "CN2_4", 912.8, -619.02, "T", "SMD", "RGB_OUT1", "", "R", 39.37, 137.79, 0, 90],
		[49, "CN2_5", 912.8, -540.28, "T", "SMD", "MCU_SCL1", "", "R", 39.37, 137.79, 0, 90],
		[50, "CN2_6", 912.8, -461.54, "T", "SMD", "MCU_SDA1", "", "R", 39.37, 137.79, 0, 90],
		[51, "CN2_7", 912.8, -382.8, "T", "SMD", "GND", "GND", "R", 39.37, 137.79, 0, 90],
		[52, "CN2_8", 912.8, -304.06, "T", "SMD", "3.3V", "", "R", 39.37, 137.79, 0, 90],
		[53, "CN2_9", 912.8, -225.32, "T", "SMD", "MOTOR1_HOUT", "", "R", 39.37, 137.79, 0, 90],
		[54, "CN2_10", 912.8, -146.58, "T", "SMD", "MOTOR1_LOUT", "", "R", 39.37, 137.79, 0, 90],
		[55, "CN2_11", 1137.21, -54.06, "T", "SMD", "CN2_11", "", "R", 59.05, 137.79, 0, 90],
		[56, "CN2_12", 1137.21, -947.76, "T", "SMD", "CN2_12", "", "R", 59.05, 137.79, 0, 90],
		[57, "CN3_1", 912.8, -1827.68, "T", "SMD", "K_PULL2", "", "R", 39.37, 137.79, 0, 90],
		[58, "CN3_2", 912.8, -1748.94, "T", "SMD", "K_ONLINE2", "", "R", 39.37, 137.79, 0, 90],
		[59, "CN3_3", 912.8, -1670.2, "T", "SMD", "GND", "GND", "R", 39.37, 137.79, 0, 90],
		[60, "CN3_4", 912.8, -1591.46, "T", "SMD", "RGB_OUT2", "", "R", 39.37, 137.79, 0, 90],
		[61, "CN3_5", 912.8, -1512.72, "T", "SMD", "MCU_SCL2", "", "R", 39.37, 137.79, 0, 90],
		[62, "CN3_6", 912.8, -1433.98, "T", "SMD", "MCU_SDA2", "", "R", 39.37, 137.79, 0, 90],
		[63, "CN3_7", 912.8, -1355.24, "T", "SMD", "GND", "GND", "R", 39.37, 137.79, 0, 90],
		[64, "CN3_8", 912.8, -1276.5, "T", "SMD", "3.3V", "", "R", 39.37, 137.79, 0, 90],
		[65, "CN3_9", 912.8, -1197.76, "T", "SMD", "MOTOR2_HOUT", "", "R", 39.37, 137.79, 0, 90],
		[66, "CN3_10", 912.8, -1119.02, "T", "SMD", "MOTOR2_LOUT", "", "R", 39.37, 137.79, 0, 90],
		[67, "CN3_11", 1137.21, -1026.5, "T", "SMD", "CN3_11", "", "R", 59.05, 137.79, 0, 90],
		[68, "CN3_12", 1137.21, -1920.2, "T", "SMD", "CN3_12", "", "R", 59.05, 137.79, 0, 90],
		[69, "CN4_1", 912.8, -2800.12, "T", "SMD", "K_PULL3", "", "R", 39.37, 137.79, 0, 90],
		[70, "CN4_2", 912.8, -2721.38, "T", "SMD", "K_ONLINE3", "", "R", 39.37, 137.79, 0, 90],
		[71, "CN4_3", 912.8, -2642.64, "T", "SMD", "GND", "GND", "R", 39.37, 137.79, 0, 90],
		[72, "CN4_4", 912.8, -2563.9, "T", "SMD", "RGB_OUT3", "", "R", 39.37, 137.79, 0, 90],
		[73, "CN4_5", 912.8, -2485.16, "T", "SMD", "MCU_SCL3", "", "R", 39.37, 137.79, 0, 90],
		[74, "CN4_6", 912.8, -2406.42, "T", "SMD", "MCU_SDA3", "", "R", 39.37, 137.79, 0, 90],
		[75, "CN4_7", 912.8, -2327.68, "T", "SMD", "GND", "GND", "R", 39.37, 137.79, 0, 90],
		[76, "CN4_8", 912.8, -2248.94, "T", "SMD", "3.3V", "", "R", 39.37, 137.79, 0, 90],
		[77, "CN4_9", 912.8, -2170.2, "T", "SMD", "MOTOR3_HOUT", "", "R", 39.37, 137.79, 0, 90],
		[78, "CN4_10", 912.8, -2091.46, "T", "SMD", "MOTOR3_LOUT", "", "R", 39.37, 137.79, 0, 90],
		[79, "CN4_11", 1137.21, -1998.94, "T", "SMD", "CN4_11", "", "R", 59.05, 137.79, 0, 90],
		[80, "CN4_12", 1137.21, -2892.64, "T", "SMD", "CN4_12", "", "R", 59.05, 137.79, 0, 90],
		[81, "CN5_1", 912.8, -3772.56, "T", "SMD", "K_PULL4", "", "R", 39.37, 137.79, 0, 90],
		[82, "CN5_2", 912.8, -3693.82, "T", "SMD", "K_ONLINE4", "", "R", 39.37, 137.79, 0, 90],
		[83, "CN5_3", 912.8, -3615.08, "T", "SMD", "GND", "GND", "R", 39.37, 137.79, 0, 90],
		[84, "CN5_4", 912.8, -3536.34, "T", "SMD", "RGB_OUT4", "", "R", 39.37, 137.79, 0, 90],
		[85, "CN5_5", 912.8, -3457.6, "T", "SMD", "MCU_SCL4", "", "R", 39.37, 137.79, 0, 90],
		[86, "CN5_6", 912.8, -3378.86, "T", "SMD", "MCU_SDA4", "", "R", 39.37, 137.79, 0, 90],
		[87, "CN5_7", 912.8, -3300.12, "T", "SMD", "GND", "GND", "R", 39.37, 137.79, 0, 90],
		[88, "CN5_8", 912.8, -3221.38, "T", "SMD", "3.3V", "", "R", 39.37, 137.79, 0, 90],
		[89, "CN5_9", 912.8, -3142.64, "T", "SMD", "MOTOR4_HOUT", "", "R", 39.37, 137.79, 0, 90],
		[90, "CN5_10", 912.8, -3063.9, "T", "SMD", "MOTOR4_LOUT", "", "R", 39.37, 137.79, 0, 90],
		[91, "CN5_11", 1137.21, -2971.38, "T", "SMD", "CN5_11", "", "R", 59.05, 137.79, 0, 90],
		[92, "CN5_12", 1137.21, -3865.08, "T", "SMD", "CN5_12", "", "R", 59.05, 137.79, 0, 90],
		[93, "D1_1", 337.02, -475, "T", "SMD", "GND", "GND", "R", 80.61, 88.23, 0, 180],
		[94, "D1_2", 132.98, -475, "T", "SMD", "24V", "", "R", 80.61, 88.23, 0, 180],
		[95, "D2_1", 97.6, -1903.36, "T", "SMD", "$1N22933", "", "R", 40.85, 20.95, 0, 270],
		[96, "D2_2", 172.4, -1903.36, "T", "SMD", "$1N22936", "", "R", 40.85, 20.95, 0, 270],
		[97, "D2_3", 135, -1816.64, "T", "SMD", "GND", "GND", "R", 40.85, 20.95, 0, 270],
		[98, "L1_1", 738.11, -2515, "T", "SMD", "$1N2752", "", "R", 92.52, 137.79, 0, 180],
		[99, "L1_2", 501.89, -2515, "T", "SMD", "3.3V", "", "R", 92.52, 137.79, 0, 180],
		[100, "LED1_1", 169.03, -294.46, "T", "SMD", "3.3V", "", "R", 59.05, 39.37, 0, 90],
		[101, "LED1_2", 287.13, -294.46, "T", "SMD", "LED1_2", "", "R", 59.05, 39.37, 0, 90],
		[102, "LED1_3", 287.13, -97.61, "T", "SMD", "GND", "GND", "R", 59.05, 39.37, 0, 90],
		[103, "LED1_4", 169.03, -97.61, "T", "SMD", "SYS_RGB", "", "R", 59.05, 39.37, 0, 90],
		[104, "R1_1", 378.66, -2395, "T", "SMD", "$1N6554", "", "R", 31.75, 34.02, 0, 180],
		[105, "R1_2", 319.34, -2395, "T", "SMD", "3.3V", "", "R", 31.75, 34.02, 0, 180],
		[106, "R2_1", 319.34, -2336, "T", "SMD", "GND", "GND", "R", 31.75, 34.02, 0, 0],
		[107, "R2_2", 378.66, -2336, "T", "SMD", "$1N6554", "", "R", 31.75, 34.02, 0, 0],
		[108, "R3_1", 710, -643.26, "T", "SMD", "$1N17664", "", "R", 50.49, 110.55, 0, 270],
		[109, "R3_2", 710, -756.74, "T", "SMD", "GND", "GND", "R", 50.49, 110.55, 0, 270],
		[110, "R4_1", 714.68, -968.26, "T", "SMD", "$1N17864", "", "R", 50.49, 110.55, 0, 270],
		[111, "R4_2", 714.68, -1081.74, "T", "SMD", "GND", "GND", "R", 50.49, 110.55, 0, 270],
		[112, "R5_1", 712.34, -1288.26, "T", "SMD", "$1N18070", "", "R", 50.49, 110.55, 0, 270],
		[113, "R5_2", 712.34, -1401.74, "T", "SMD", "GND", "GND", "R", 50.49, 110.55, 0, 270],
		[114, "R6_1", 717.02, -1608.26, "T", "SMD", "$1N18276", "", "R", 50.49, 110.55, 0, 270],
		[115, "R6_2", 717.02, -1721.74, "T", "SMD", "GND", "GND", "R", 50.49, 110.55, 0, 270],
		[116, "R7_1", 100, -2094.66, "T", "SMD", "RS485_B", "", "R", 31.75, 34.02, 0, 90],
		[117, "R7_2", 100, -2035.34, "T", "SMD", "$1N22933", "", "R", 31.75, 34.02, 0, 90],
		[118, "R8_1", 170, -2094.66, "T", "SMD", "RS485_A", "", "R", 31.75, 34.02, 0, 90],
		[119, "R8_2", 170, -2035.34, "T", "SMD", "$1N22936", "", "R", 31.75, 34.02, 0, 90],
		[120, "R9_1", 164.66, -1975, "T", "SMD", "$1N22936", "", "R", 31.75, 34.02, 0, 180],
		[121, "R9_2", 105.34, -1975, "T", "SMD", "$1N22933", "", "R", 31.75, 34.02, 0, 180],
		[122, "RN1_1", 715.5, -3479.9, "T", "SMD", "MCU_SDA2", "", "R", 25.59, 31.5, 0, 270],
		[123, "RN1_2", 715.5, -3511.39, "T", "SMD", "MCU_SCL2", "", "R", 19.68, 31.5, 0, 270],
		[124, "RN1_3", 715.5, -3542.89, "T", "SMD", "MCU_SDA1", "", "R", 19.68, 31.5, 0, 270],
		[125, "RN1_4", 715.5, -3574.38, "T", "SMD", "MCU_SCL1", "", "R", 25.59, 31.5, 0, 270],
		[126, "RN1_5", 786.37, -3574.38, "T", "SMD", "3.3V", "", "R", 25.59, 31.5, 0, 270],
		[127, "RN1_6", 786.37, -3542.89, "T", "SMD", "3.3V", "", "R", 19.68, 31.5, 0, 270],
		[128, "RN1_7", 786.37, -3511.39, "T", "SMD", "3.3V", "", "R", 19.68, 31.5, 0, 270],
		[129, "RN1_8", 786.37, -3479.9, "T", "SMD", "3.3V", "", "R", 25.59, 31.5, 0, 270],
		[130, "RN2_1", 715.5, -3318.46, "T", "SMD", "MCU_SDA4", "", "R", 25.59, 31.5, 0, 270],
		[131, "RN2_2", 715.5, -3349.95, "T", "SMD", "MCU_SCL4", "", "R", 19.68, 31.5, 0, 270],
		[132, "RN2_3", 715.5, -3381.45, "T", "SMD", "MCU_SDA3", "", "R", 19.68, 31.5, 0, 270],
		[133, "RN2_4", 715.5, -3412.94, "T", "SMD", "MCU_SCL3", "", "R", 25.59, 31.5, 0, 270],
		[134, "RN2_5", 786.37, -3412.94, "T", "SMD", "3.3V", "", "R", 25.59, 31.5, 0, 270],
		[135, "RN2_6", 786.37, -3381.45, "T", "SMD", "3.3V", "", "R", 19.68, 31.5, 0, 270],
		[136, "RN2_7", 786.37, -3349.95, "T", "SMD", "3.3V", "", "R", 19.68, 31.5, 0, 270],
		[137, "RN2_8", 786.37, -3318.46, "T", "SMD", "3.3V", "", "R", 25.59, 31.5, 0, 270],
		[138, "RN3_1", 715.5, -3159.9, "T", "SMD", "BOOT0", "", "R", 25.59, 31.5, 0, 270],
		[139, "RN3_2", 715.5, -3191.39, "T", "SMD", "BOOT0", "", "R", 19.68, 31.5, 0, 270],
		[140, "RN3_3", 715.5, -3222.89, "T", "SMD", "BOOT1", "", "R", 19.68, 31.5, 0, 270],
		[141, "RN3_4", 715.5, -3254.38, "T", "SMD", "MCU_RX", "", "R", 25.59, 31.5, 0, 270],
		[142, "RN3_5", 786.37, -3254.38, "T", "SMD", "3.3V", "", "R", 25.59, 31.5, 0, 270],
		[143, "RN3_6", 786.37, -3222.89, "T", "SMD", "GND", "GND", "R", 19.68, 31.5, 0, 270],
		[144, "RN3_7", 786.37, -3191.39, "T", "SMD", "GND", "GND", "R", 19.68, 31.5, 0, 270],
		[145, "RN3_8", 786.37, -3159.9, "T", "SMD", "GND", "GND", "R", 25.59, 31.5, 0, 270],
		[146, "TP1_1", 118.11, -826.77, "T", "DIP", "TP1_1", "", "C", 78.74, 78.74, 78.74, 0],
		[147, "TP1_1", 118.11, -826.77, "B", "DIP", "TP1_1", "", "C", 78.74, 78.74, 78.74, 0],
		[148, "TP2_1", 118.11, -3011.81, "T", "DIP", "TP2_1", "", "C", 78.74, 78.74, 78.74, 0],
		[149, "TP2_1", 118.11, -3011.81, "B", "DIP", "TP2_1", "", "C", 78.74, 78.74, 78.74, 0],
		[150, "TP3_1", 708.66, -3011.81, "T", "DIP", "TP3_1", "", "C", 78.74, 78.74, 78.74, 0],
		[151, "TP3_1", 708.66, -3011.81, "B", "DIP", "TP3_1", "", "C", 78.74, 78.74, 78.74, 0],
		[152, "U1_1", 577.4, -2244.76, "T", "SMD", "GND", "GND", "R", 20.95, 42.2, 0, 180],
		[153, "U1_2", 540, -2244.76, "T", "SMD", "$1N2752", "", "R", 20.95, 42.2, 0, 180],
		[154, "U1_3", 502.6, -2244.76, "T", "SMD", "24V", "", "R", 20.95, 42.2, 0, 180],
		[155, "U1_4", 502.6, -2335.24, "T", "SMD", "$1N6554", "", "R", 20.95, 42.2, 0, 180],
		[156, "U1_5", 540, -2335.24, "T", "SMD", "U1_5", "", "R", 20.95, 42.2, 0, 180],
		[157, "U1_6", 577.4, -2335.24, "T", "SMD", "$1N2756", "", "R", 20.95, 42.2, 0, 180],
		[158, "U2_1", 337.69, -3478.35, "T", "SMD", "3.3V", "", "O", 10.63, 59.05, 0, 0],
		[159, "U2_2", 357.38, -3478.35, "T", "SMD", "K_ONLINE1", "", "O", 10.63, 59.05, 0, 0],
		[160, "U2_3", 377.06, -3478.35, "T", "SMD", "K_ONLINE2", "", "O", 10.63, 59.05, 0, 0],
		[161, "U2_4", 396.75, -3478.35, "T", "SMD", "K_ONLINE3", "", "O", 10.63, 59.05, 0, 0],
		[162, "U2_5", 416.43, -3478.35, "T", "SMD", "K_ONLINE4", "", "O", 10.63, 59.05, 0, 0],
		[163, "U2_6", 436.12, -3478.35, "T", "SMD", "SYS_RGB", "", "O", 10.63, 59.05, 0, 0],
		[164, "U2_7", 455.8, -3478.35, "T", "SMD", "NRST", "", "O", 10.63, 59.05, 0, 0],
		[165, "U2_8", 475.49, -3478.35, "T", "SMD", "GND", "GND", "O", 10.63, 59.05, 0, 0],
		[166, "U2_9", 495.17, -3478.35, "T", "SMD", "3.3V", "", "O", 10.63, 59.05, 0, 0],
		[167, "U2_10", 514.86, -3478.35, "T", "SMD", "MCU_SCL1", "", "O", 10.63, 59.05, 0, 0],
		[168, "U2_11", 534.54, -3478.35, "T", "SMD", "MCU_SDA1", "", "O", 10.63, 59.05, 0, 0],
		[169, "U2_12", 554.23, -3478.35, "T", "SMD", "MCU_SCL2", "", "O", 10.63, 59.05, 0, 0],
		[170, "U2_13", 613.28, -3419.3, "T", "SMD", "MCU_SDA2", "", "O", 59.05, 10.63, 0, 0],
		[171, "U2_14", 613.28, -3399.61, "T", "SMD", "MCU_SCL3", "", "O", 59.05, 10.63, 0, 0],
		[172, "U2_15", 613.28, -3379.93, "T", "SMD", "MCU_SDA3", "", "O", 59.05, 10.63, 0, 0],
		[173, "U2_16", 613.28, -3360.24, "T", "SMD", "MCU_SCL4", "", "O", 59.05, 10.63, 0, 0],
		[174, "U2_17", 613.28, -3340.56, "T", "SMD", "MCU_SDA4", "", "O", 59.05, 10.63, 0, 0],
		[175, "U2_18", 613.28, -3320.87, "T", "SMD", "RGB_OUT1", "", "O", 59.05, 10.63, 0, 0],
		[176, "U2_19", 613.28, -3301.19, "T", "SMD", "RGB_OUT2", "", "O", 59.05, 10.63, 0, 0],
		[177, "U2_20", 613.28, -3281.5, "T", "SMD", "BOOT1", "", "O", 59.05, 10.63, 0, 0],
		[178, "U2_21", 613.28, -3261.82, "T", "SMD", "EXIT_TX", "", "O", 59.05, 10.63, 0, 0],
		[179, "U2_22", 613.28, -3242.13, "T", "SMD", "EXIT_RX", "", "O", 59.05, 10.63, 0, 0],
		[180, "U2_23", 613.28, -3222.45, "T", "SMD", "GND", "GND", "O", 59.05, 10.63, 0, 0],
		[181, "U2_24", 613.28, -3202.76, "T", "SMD", "3.3V", "", "O", 59.05, 10.63, 0, 0],
		[182, "U2_25", 554.23, -3143.71, "T", "SMD", "K_PULL1", "", "O", 10.63, 59.05, 0, 0],
		[183, "U2_26", 534.54, -3143.71, "T", "SMD", "K_PULL2", "", "O", 10.63, 59.05, 0, 0],
		[184, "U2_27", 514.86, -3143.71, "T", "SMD", "K_PULL3", "", "O", 10.63, 59.05, 0, 0],
		[185, "U2_28", 495.17, -3143.71, "T", "SMD", "K_PULL4", "", "O", 10.63, 59.05, 0, 0],
		[186, "U2_29", 475.49, -3143.71, "T", "SMD", "RGB_OUT3", "", "O", 10.63, 59.05, 0, 0],
		[187, "U2_30", 455.8, -3143.71, "T", "SMD", "MCU_TX", "", "O", 10.63, 59.05, 0, 0],
		[188, "U2_31", 436.12, -3143.71, "T", "SMD", "MCU_RX", "", "O", 10.63, 59.05, 0, 0],
		[189, "U2_32", 416.43, -3143.71, "T", "SMD", "RGB_OUT4", "", "O", 10.63, 59.05, 0, 0],
		[190, "U2_33", 396.75, -3143.71, "T", "SMD", "MCU_RTS", "", "O", 10.63, 59.05, 0, 0],
		[191, "U2_34", 377.06, -3143.71, "T", "SMD", "SWIO", "", "O", 10.63, 59.05, 0, 0],
		[192, "U2_35", 357.38, -3143.71, "T", "SMD", "GND", "GND", "O", 10.63, 59.05, 0, 0],
		[193, "U2_36", 337.69, -3143.71, "T", "SMD", "3.3V", "", "O", 10.63, 59.05, 0, 0],
		[194, "U2_37", 278.64, -3202.76, "T", "SMD", "SWCLK", "", "O", 59.05, 10.63, 0, 0],
		[195, "U2_38", 278.64, -3222.45, "T", "SMD", "MOTOR1_H", "", "O", 59.05, 10.63, 0, 0],
		[196, "U2_39", 278.64, -3242.13, "T", "SMD", "MOTOR1_L", "", "O", 59.05, 10.63, 0, 0],
		[197, "U2_40", 278.64, -3261.82, "T", "SMD", "MOTOR2_H", "", "O", 59.05, 10.63, 0, 0],
		[198, "U2_41", 278.64, -3281.5, "T", "SMD", "MOTOR2_L", "", "O", 59.05, 10.63, 0, 0],
		[199, "U2_42", 278.64, -3301.19, "T", "SMD", "MOTOR3_H", "", "O", 59.05, 10.63, 0, 0],
		[200, "U2_43", 278.64, -3320.87, "T", "SMD", "MOTOR3_L", "", "O", 59.05, 10.63, 0, 0],
		[201, "U2_44", 278.64, -3340.56, "T", "SMD", "BOOT0", "", "O", 59.05, 10.63, 0, 0],
		[202, "U2_45", 278.64, -3360.24, "T", "SMD", "MOTOR4_H", "", "O", 59.05, 10.63, 0, 0],
		[203, "U2_46", 278.64, -3379.93, "T", "SMD", "MOTOR4_L", "", "O", 59.05, 10.63, 0, 0],
		[204, "U2_47", 278.64, -3399.61, "T", "SMD", "GND", "GND", "O", 59.05, 10.63, 0, 0],
		[205, "U2_48", 278.64, -3419.3, "T", "SMD", "3.3V", "", "O", 59.05, 10.63, 0, 0],
		[206, "U3_1", 368.59, -2757.59, "T", "SMD", "3.3V", "", "R", 157.48, 196.85, 0, 180],
		[207, "U4_1", 368.59, -2088.3, "T", "SMD", "24V", "", "R", 157.48, 196.85, 0, 180],
		[208, "U5_1", 703.23, -2088.3, "T", "SMD", "GND", "GND", "R", 157.48, 196.85, 0, 0],
		[209, "U6_1", 703.23, -2757.59, "T", "SMD", "GND", "GND", "R", 157.48, 196.85, 0, 0],
		[210, "U7_1", 78.8, -2526.84, "T", "SMD", "MCU_RX", "", "O", 24.8, 73.42, 0, 0],
		[211, "U7_2", 128.8, -2526.84, "T", "SMD", "MCU_RTS", "", "O", 24.8, 73.42, 0, 0],
		[212, "U7_3", 178.8, -2526.84, "T", "SMD", "MCU_RTS", "", "O", 24.8, 73.42, 0, 0],
		[213, "U7_4", 228.8, -2526.84, "T", "SMD", "MCU_TX", "", "O", 24.8, 73.42, 0, 0],
		[214, "U7_5", 228.8, -2315.62, "T", "SMD", "GND", "GND", "O", 24.8, 73.42, 0, 0],
		[215, "U7_6", 178.8, -2315.62, "T", "SMD", "RS485_A", "", "O", 24.8, 73.42, 0, 0],
		[216, "U7_7", 128.8, -2315.62, "T", "SMD", "RS485_B", "", "O", 24.8, 73.42, 0, 0],
		[217, "U7_8", 78.8, -2315.62, "T", "SMD", "3.3V", "", "O", 24.8, 73.42, 0, 0],
		[218, "U8_1", 356.85, -629.08, "T", "SMD", "GND", "GND", "R", 23.62, 47.24, 0, 270],
		[219, "U8_2", 356.85, -679.08, "T", "SMD", "MOTOR1_L", "", "R", 23.62, 47.24, 0, 270],
		[220, "U8_3", 356.85, -729.08, "T", "SMD", "MOTOR1_H", "", "R", 23.62, 47.24, 0, 270],
		[221, "U8_4", 356.85, -779.08, "T", "SMD", "3.3V", "", "R", 23.62, 47.24, 0, 270],
		[222, "U8_5", 585.85, -779.08, "T", "SMD", "24V", "", "R", 23.62, 47.24, 0, 270],
		[223, "U8_6", 585.85, -729.08, "T", "SMD", "MOTOR1_HOUT", "", "R", 23.62, 47.24, 0, 270],
		[224, "U8_7", 585.85, -679.08, "T", "SMD", "$1N17664", "", "R", 23.62, 47.24, 0, 270],
		[225, "U8_8", 585.85, -629.08, "T", "SMD", "MOTOR1_LOUT", "", "R", 23.62, 47.24, 0, 270],
		[226, "U8_9", 471.35, -704.08, "T", "SMD", "GND", "GND", "R", 129.92, 94.49, 0, 90],
		[227, "U9_1", 356.77, -954.08, "T", "SMD", "GND", "GND", "R", 23.62, 47.24, 0, 270],
		[228, "U9_2", 356.77, -1004.08, "T", "SMD", "MOTOR2_L", "", "R", 23.62, 47.24, 0, 270],
		[229, "U9_3", 356.77, -1054.08, "T", "SMD", "MOTOR2_H", "", "R", 23.62, 47.24, 0, 270],
		[230, "U9_4", 356.77, -1104.08, "T", "SMD", "3.3V", "", "R", 23.62, 47.24, 0, 270],
		[231, "U9_5", 585.77, -1104.08, "T", "SMD", "24V", "", "R", 23.62, 47.24, 0, 270],
		[232, "U9_6", 585.77, -1054.08, "T", "SMD", "MOTOR2_HOUT", "", "R", 23.62, 47.24, 0, 270],
		[233, "U9_7", 585.77, -1004.08, "T", "SMD", "$1N17864", "", "R", 23.62, 47.24, 0, 270],
		[234, "U9_8", 585.77, -954.08, "T", "SMD", "MOTOR2_LOUT", "", "R", 23.62, 47.24, 0, 270],
		[235, "U9_9", 471.27, -1029.08, "T", "SMD", "GND", "GND", "R", 129.92, 94.49, 0, 90],
		[236, "U10_1", 356.81, -1274.08, "T", "SMD", "GND", "GND", "R", 23.62, 47.24, 0, 270],
		[237, "U10_2", 356.81, -1324.08, "T", "SMD", "MOTOR3_L", "", "R", 23.62, 47.24, 0, 270],
		[238, "U10_3", 356.81, -1374.08, "T", "SMD", "MOTOR3_H", "", "R", 23.62, 47.24, 0, 270],
		[239, "U10_4", 356.81, -1424.08, "T", "SMD", "3.3V", "", "R", 23.62, 47.24, 0, 270],
		[240, "U10_5", 585.81, -1424.08, "T", "SMD", "24V", "", "R", 23.62, 47.24, 0, 270],
		[241, "U10_6", 585.81, -1374.08, "T", "SMD", "MOTOR3_HOUT", "", "R", 23.62, 47.24, 0, 270],
		[242, "U10_7", 585.81, -1324.08, "T", "SMD", "$1N18070", "", "R", 23.62, 47.24, 0, 270],
		[243, "U10_8", 585.81, -1274.08, "T", "SMD", "MOTOR3_LOUT", "", "R", 23.62, 47.24, 0, 270],
		[244, "U10_9", 471.31, -1349.08, "T", "SMD", "GND", "GND", "R", 129.92, 94.49, 0, 90],
		[245, "U11_1", 356.73, -1594.08, "T", "SMD", "GND", "GND", "R", 23.62, 47.24, 0, 270],
		[246, "U11_2", 356.73, -1644.08, "T", "SMD", "MOTOR4_L", "", "R", 23.62, 47.24, 0, 270],
		[247, "U11_3", 356.73, -1694.08, "T", "SMD", "MOTOR4_H", "", "R", 23.62, 47.24, 0, 270],
		[248, "U11_4", 356.73, -1744.08, "T", "SMD", "3.3V", "", "R", 23.62, 47.24, 0, 270],
		[249, "U11_5", 585.73, -1744.08, "T", "SMD", "24V", "", "R", 23.62, 47.24, 0, 270],
		[250, "U11_6", 585.73, -1694.08, "T", "SMD", "MOTOR4_HOUT", "", "R", 23.62, 47.24, 0, 270],
		[251, "U11_7", 585.73, -1644.08, "T", "SMD", "$1N18276", "", "R", 23.62, 47.24, 0, 270],
		[252, "U11_8", 585.73, -1594.08, "T", "SMD", "MOTOR4_LOUT", "", "R", 23.62, 47.24, 0, 270],
		[253, "U11_9", 471.23, -1669.08, "T", "SMD", "GND", "GND", "R", 129.92, 94.49, 0, 90],
		[254, "U15_1", 100.63, -3758.07, "T", "SMD", "USB_D+", "", "O", 11.02, 63.78, 0, 0],
		[255, "U15_2", 120.32, -3758.07, "T", "SMD", "USB_D-", "", "O", 11.02, 63.78, 0, 0],
		[256, "U15_3", 140, -3758.07, "T", "SMD", "GND", "GND", "O", 11.02, 63.78, 0, 0],
		[257, "U15_4", 159.69, -3758.07, "T", "SMD", "NRST", "", "O", 11.02, 63.78, 0, 0],
		[258, "U15_5", 179.37, -3758.07, "T", "SMD", "U15_5", "", "O", 11.02, 63.78, 0, 0],
		[259, "U15_6", 179.37, -3591.93, "T", "SMD", "BOOT0", "", "O", 11.02, 63.78, 0, 0],
		[260, "U15_7", 159.69, -3591.93, "T", "SMD", "3.3V", "", "O", 11.02, 63.78, 0, 0],
		[261, "U15_8", 140, -3591.93, "T", "SMD", "MCU_RX", "", "O", 11.02, 63.78, 0, 0],
		[262, "U15_9", 120.32, -3591.93, "T", "SMD", "MCU_TX", "", "O", 11.02, 63.78, 0, 0],
		[263, "U15_10", 100.63, -3591.93, "T", "SMD", "$1N28539", "", "O", 11.02, 63.78, 0, 0],
		[264, "U16_1", 522.48, -3853.39, "B", "SMD", "GND", "GND", "R", 12.68, 51.97, 0, 180],
		[265, "U16_2", 491.77, -3853.39, "B", "SMD", "3.3V", "", "R", 12.68, 51.97, 0, 180],
		[266, "U16_4", 430.35, -3853.39, "B", "SMD", "USB_D-", "", "R", 12.68, 51.97, 0, 180],
		[267, "U16_5", 399.65, -3853.39, "B", "SMD", "USB_D+", "", "R", 12.68, 51.97, 0, 180],
		[268, "U16_7", 338.23, -3853.39, "B", "SMD", "3.3V", "", "R", 12.68, 51.97, 0, 180],
		[269, "U16_8", 307.52, -3853.39, "B", "SMD", "GND", "GND", "R", 12.68, 51.97, 0, 180],
		[270, "U16_9", 307.52, -3726.61, "B", "SMD", "GND", "GND", "R", 12.68, 51.97, 0, 180],
		[271, "U16_10", 338.23, -3726.61, "B", "SMD", "3.3V", "", "R", 12.68, 51.97, 0, 180],
		[272, "U16_12", 399.65, -3726.61, "B", "SMD", "USB_D-", "", "R", 12.68, 51.97, 0, 180],
		[273, "U16_13", 430.35, -3726.61, "B", "SMD", "USB_D+", "", "R", 12.68, 51.97, 0, 180],
		[274, "U16_15", 491.77, -3726.61, "B", "SMD", "3.3V", "", "R", 12.68, 51.97, 0, 180],
		[275, "U16_16", 522.48, -3726.61, "B", "SMD", "GND", "GND", "R", 12.68, 51.97, 0, 180],
		[276, "U16_17", 585.87, -3790, "T", "DIP", "U16_17", "", "O", 82.68, 39.37, 51.18, 270],
		[277, "U16_17", 585.87, -3790, "B", "DIP", "U16_17", "", "O", 82.68, 39.37, 51.18, 270],
		[278, "U16_18", 244.13, -3790, "T", "DIP", "GND", "GND", "O", 82.68, 39.37, 51.18, 90],
		[279, "U16_18", 244.13, -3790, "B", "DIP", "GND", "GND", "O", 82.68, 39.37, 51.18, 90]
	]
}
}